[{"icon":"envelope","style":"regular"},{"icon":"bullhorn","style":"solid"},{"icon":"pencil","style":"solid"},{"icon":"palette","style":"solid"},{"icon":"pen-to-square","style":"solid"},{"icon":"image","style":"regular"},{"icon":"heart","style":"regular"},{"icon":"clipboard","style":"regular"},{"icon":"chart-simple","style":"solid"},{"icon":"star","style":"regular"},{"icon":"circle-check","style":"regular"},{"icon":"circle-xmark","style":"regular"},{"icon":"calendar","style":"regular"},{"icon":"handshake","style":"regular"},{"icon":"bell","style":"regular"},{"icon":"phone","style":"solid"},{"icon":"circle-user","style":"regular"},{"icon":"bookmark","style":"regular"},{"icon":"bullseye","style":"solid"},{"icon":"cart-shopping","style":"solid"},{"icon":"comments","style":"regular"},{"icon":"address-card","style":"regular"},{"icon":"rectangle-ad","style":"solid"},{"icon":"shield-halved","style":"solid"},{"icon":"ban","style":"solid"},{"icon":"0","style":"solid"},{"icon":"1","style":"solid"},{"icon":"2","style":"solid"},{"icon":"3","style":"solid"},{"icon":"4","style":"solid"},{"icon":"5","style":"solid"},{"icon":"6","style":"solid"},{"icon":"7","style":"solid"},{"icon":"8","style":"solid"},{"icon":"9","style":"solid"},{"icon":"42-group","style":"brands"},{"icon":"500px","style":"brands"},{"icon":"a","style":"solid"},{"icon":"accessible-icon","style":"brands"},{"icon":"accusoft","style":"brands"},{"icon":"address-book","style":"solid"},{"icon":"address-book","style":"regular"},{"icon":"address-card","style":"solid"},{"icon":"adn","style":"brands"},{"icon":"adversal","style":"brands"},{"icon":"affiliatetheme","style":"brands"},{"icon":"airbnb","style":"brands"},{"icon":"algolia","style":"brands"},{"icon":"align-center","style":"solid"},{"icon":"align-justify","style":"solid"},{"icon":"align-left","style":"solid"},{"icon":"align-right","style":"solid"},{"icon":"alipay","style":"brands"},{"icon":"amazon","style":"brands"},{"icon":"amazon-pay","style":"brands"},{"icon":"amilia","style":"brands"},{"icon":"anchor","style":"solid"},{"icon":"anchor-circle-check","style":"solid"},{"icon":"anchor-circle-exclamation","style":"solid"},{"icon":"anchor-circle-xmark","style":"solid"},{"icon":"anchor-lock","style":"solid"},{"icon":"android","style":"brands"},{"icon":"angellist","style":"brands"},{"icon":"angle-down","style":"solid"},{"icon":"angle-left","style":"solid"},{"icon":"angle-right","style":"solid"},{"icon":"angle-up","style":"solid"},{"icon":"angles-down","style":"solid"},{"icon":"angles-left","style":"solid"},{"icon":"angles-right","style":"solid"},{"icon":"angles-up","style":"solid"},{"icon":"angrycreative","style":"brands"},{"icon":"angular","style":"brands"},{"icon":"ankh","style":"solid"},{"icon":"app-store","style":"brands"},{"icon":"app-store-ios","style":"brands"},{"icon":"apper","style":"brands"},{"icon":"apple","style":"brands"},{"icon":"apple-pay","style":"brands"},{"icon":"apple-whole","style":"solid"},{"icon":"archway","style":"solid"},{"icon":"arrow-down","style":"solid"},{"icon":"arrow-down-1-9","style":"solid"},{"icon":"arrow-down-9-1","style":"solid"},{"icon":"arrow-down-a-z","style":"solid"},{"icon":"arrow-down-long","style":"solid"},{"icon":"arrow-down-short-wide","style":"solid"},{"icon":"arrow-down-up-across-line","style":"solid"},{"icon":"arrow-down-up-lock","style":"solid"},{"icon":"arrow-down-wide-short","style":"solid"},{"icon":"arrow-down-z-a","style":"solid"},{"icon":"arrow-left","style":"solid"},{"icon":"arrow-left-long","style":"solid"},{"icon":"arrow-pointer","style":"solid"},{"icon":"arrow-right","style":"solid"},{"icon":"arrow-right-arrow-left","style":"solid"},{"icon":"arrow-right-from-bracket","style":"solid"},{"icon":"arrow-right-long","style":"solid"},{"icon":"arrow-right-to-bracket","style":"solid"},{"icon":"arrow-right-to-city","style":"solid"},{"icon":"arrow-rotate-left","style":"solid"},{"icon":"arrow-rotate-right","style":"solid"},{"icon":"arrow-trend-down","style":"solid"},{"icon":"arrow-trend-up","style":"solid"},{"icon":"arrow-turn-down","style":"solid"},{"icon":"arrow-turn-up","style":"solid"},{"icon":"arrow-up","style":"solid"},{"icon":"arrow-up-1-9","style":"solid"},{"icon":"arrow-up-9-1","style":"solid"},{"icon":"arrow-up-a-z","style":"solid"},{"icon":"arrow-up-from-bracket","style":"solid"},{"icon":"arrow-up-from-ground-water","style":"solid"},{"icon":"arrow-up-from-water-pump","style":"solid"},{"icon":"arrow-up-long","style":"solid"},{"icon":"arrow-up-right-dots","style":"solid"},{"icon":"arrow-up-right-from-square","style":"solid"},{"icon":"arrow-up-short-wide","style":"solid"},{"icon":"arrow-up-wide-short","style":"solid"},{"icon":"arrow-up-z-a","style":"solid"},{"icon":"arrows-down-to-line","style":"solid"},{"icon":"arrows-down-to-people","style":"solid"},{"icon":"arrows-left-right","style":"solid"},{"icon":"arrows-left-right-to-line","style":"solid"},{"icon":"arrows-rotate","style":"solid"},{"icon":"arrows-spin","style":"solid"},{"icon":"arrows-split-up-and-left","style":"solid"},{"icon":"arrows-to-circle","style":"solid"},{"icon":"arrows-to-dot","style":"solid"},{"icon":"arrows-to-eye","style":"solid"},{"icon":"arrows-turn-right","style":"solid"},{"icon":"arrows-turn-to-dots","style":"solid"},{"icon":"arrows-up-down","style":"solid"},{"icon":"arrows-up-down-left-right","style":"solid"},{"icon":"arrows-up-to-line","style":"solid"},{"icon":"artstation","style":"brands"},{"icon":"asterisk","style":"solid"},{"icon":"asymmetrik","style":"brands"},{"icon":"at","style":"solid"},{"icon":"atlassian","style":"brands"},{"icon":"atom","style":"solid"},{"icon":"audible","style":"brands"},{"icon":"audio-description","style":"solid"},{"icon":"austral-sign","style":"solid"},{"icon":"autoprefixer","style":"brands"},{"icon":"avianex","style":"brands"},{"icon":"aviato","style":"brands"},{"icon":"award","style":"solid"},{"icon":"aws","style":"brands"},{"icon":"b","style":"solid"},{"icon":"baby","style":"solid"},{"icon":"baby-carriage","style":"solid"},{"icon":"backward","style":"solid"},{"icon":"backward-fast","style":"solid"},{"icon":"backward-step","style":"solid"},{"icon":"bacon","style":"solid"},{"icon":"bacteria","style":"solid"},{"icon":"bacterium","style":"solid"},{"icon":"bag-shopping","style":"solid"},{"icon":"bahai","style":"solid"},{"icon":"baht-sign","style":"solid"},{"icon":"ban-smoking","style":"solid"},{"icon":"bandage","style":"solid"},{"icon":"bandcamp","style":"brands"},{"icon":"bangladeshi-taka-sign","style":"solid"},{"icon":"barcode","style":"solid"},{"icon":"bars","style":"solid"},{"icon":"bars-progress","style":"solid"},{"icon":"bars-staggered","style":"solid"},{"icon":"baseball","style":"solid"},{"icon":"baseball-bat-ball","style":"solid"},{"icon":"basket-shopping","style":"solid"},{"icon":"basketball","style":"solid"},{"icon":"bath","style":"solid"},{"icon":"battery-empty","style":"solid"},{"icon":"battery-full","style":"solid"},{"icon":"battery-half","style":"solid"},{"icon":"battery-quarter","style":"solid"},{"icon":"battery-three-quarters","style":"solid"},{"icon":"battle-net","style":"brands"},{"icon":"bed","style":"solid"},{"icon":"bed-pulse","style":"solid"},{"icon":"beer-mug-empty","style":"solid"},{"icon":"behance","style":"brands"},{"icon":"bell","style":"solid"},{"icon":"bell-concierge","style":"solid"},{"icon":"bell-slash","style":"solid"},{"icon":"bell-slash","style":"regular"},{"icon":"bezier-curve","style":"solid"},{"icon":"bicycle","style":"solid"},{"icon":"bilibili","style":"brands"},{"icon":"bimobject","style":"brands"},{"icon":"binoculars","style":"solid"},{"icon":"biohazard","style":"solid"},{"icon":"bitbucket","style":"brands"},{"icon":"bitcoin","style":"brands"},{"icon":"bitcoin-sign","style":"solid"},{"icon":"bity","style":"brands"},{"icon":"black-tie","style":"brands"},{"icon":"blackberry","style":"brands"},{"icon":"blender","style":"solid"},{"icon":"blender-phone","style":"solid"},{"icon":"blog","style":"solid"},{"icon":"blogger","style":"brands"},{"icon":"blogger-b","style":"brands"},{"icon":"bluetooth","style":"brands"},{"icon":"bluetooth-b","style":"brands"},{"icon":"bold","style":"solid"},{"icon":"bolt","style":"solid"},{"icon":"bolt-lightning","style":"solid"},{"icon":"bomb","style":"solid"},{"icon":"bone","style":"solid"},{"icon":"bong","style":"solid"},{"icon":"book","style":"solid"},{"icon":"book-atlas","style":"solid"},{"icon":"book-bible","style":"solid"},{"icon":"book-bookmark","style":"solid"},{"icon":"book-journal-whills","style":"solid"},{"icon":"book-medical","style":"solid"},{"icon":"book-open","style":"solid"},{"icon":"book-open-reader","style":"solid"},{"icon":"book-quran","style":"solid"},{"icon":"book-skull","style":"solid"},{"icon":"book-tanakh","style":"solid"},{"icon":"bookmark","style":"solid"},{"icon":"bootstrap","style":"brands"},{"icon":"border-all","style":"solid"},{"icon":"border-none","style":"solid"},{"icon":"border-top-left","style":"solid"},{"icon":"bore-hole","style":"solid"},{"icon":"bots","style":"brands"},{"icon":"bottle-droplet","style":"solid"},{"icon":"bottle-water","style":"solid"},{"icon":"bowl-food","style":"solid"},{"icon":"bowl-rice","style":"solid"},{"icon":"bowling-ball","style":"solid"},{"icon":"box","style":"solid"},{"icon":"box-archive","style":"solid"},{"icon":"box-open","style":"solid"},{"icon":"box-tissue","style":"solid"},{"icon":"boxes-packing","style":"solid"},{"icon":"boxes-stacked","style":"solid"},{"icon":"braille","style":"solid"},{"icon":"brain","style":"solid"},{"icon":"brazilian-real-sign","style":"solid"},{"icon":"bread-slice","style":"solid"},{"icon":"bridge","style":"solid"},{"icon":"bridge-circle-check","style":"solid"},{"icon":"bridge-circle-exclamation","style":"solid"},{"icon":"bridge-circle-xmark","style":"solid"},{"icon":"bridge-lock","style":"solid"},{"icon":"bridge-water","style":"solid"},{"icon":"briefcase","style":"solid"},{"icon":"briefcase-medical","style":"solid"},{"icon":"broom","style":"solid"},{"icon":"broom-ball","style":"solid"},{"icon":"brush","style":"solid"},{"icon":"btc","style":"brands"},{"icon":"bucket","style":"solid"},{"icon":"buffer","style":"brands"},{"icon":"bug","style":"solid"},{"icon":"bug-slash","style":"solid"},{"icon":"bugs","style":"solid"},{"icon":"building","style":"solid"},{"icon":"building","style":"regular"},{"icon":"building-circle-arrow-right","style":"solid"},{"icon":"building-circle-check","style":"solid"},{"icon":"building-circle-exclamation","style":"solid"},{"icon":"building-circle-xmark","style":"solid"},{"icon":"building-columns","style":"solid"},{"icon":"building-flag","style":"solid"},{"icon":"building-lock","style":"solid"},{"icon":"building-ngo","style":"solid"},{"icon":"building-shield","style":"solid"},{"icon":"building-un","style":"solid"},{"icon":"building-user","style":"solid"},{"icon":"building-wheat","style":"solid"},{"icon":"burger","style":"solid"},{"icon":"buromobelexperte","style":"brands"},{"icon":"burst","style":"solid"},{"icon":"bus","style":"solid"},{"icon":"bus-simple","style":"solid"},{"icon":"business-time","style":"solid"},{"icon":"buy-n-large","style":"brands"},{"icon":"buysellads","style":"brands"},{"icon":"c","style":"solid"},{"icon":"cable-car","style":"solid"},{"icon":"cake-candles","style":"solid"},{"icon":"calculator","style":"solid"},{"icon":"calendar","style":"solid"},{"icon":"calendar-check","style":"solid"},{"icon":"calendar-check","style":"regular"},{"icon":"calendar-day","style":"solid"},{"icon":"calendar-days","style":"solid"},{"icon":"calendar-days","style":"regular"},{"icon":"calendar-minus","style":"solid"},{"icon":"calendar-minus","style":"regular"},{"icon":"calendar-plus","style":"solid"},{"icon":"calendar-plus","style":"regular"},{"icon":"calendar-week","style":"solid"},{"icon":"calendar-xmark","style":"solid"},{"icon":"calendar-xmark","style":"regular"},{"icon":"camera","style":"solid"},{"icon":"camera-retro","style":"solid"},{"icon":"camera-rotate","style":"solid"},{"icon":"campground","style":"solid"},{"icon":"canadian-maple-leaf","style":"brands"},{"icon":"candy-cane","style":"solid"},{"icon":"cannabis","style":"solid"},{"icon":"capsules","style":"solid"},{"icon":"car","style":"solid"},{"icon":"car-battery","style":"solid"},{"icon":"car-burst","style":"solid"},{"icon":"car-on","style":"solid"},{"icon":"car-rear","style":"solid"},{"icon":"car-side","style":"solid"},{"icon":"car-tunnel","style":"solid"},{"icon":"caravan","style":"solid"},{"icon":"caret-down","style":"solid"},{"icon":"caret-left","style":"solid"},{"icon":"caret-right","style":"solid"},{"icon":"caret-up","style":"solid"},{"icon":"carrot","style":"solid"},{"icon":"cart-arrow-down","style":"solid"},{"icon":"cart-flatbed","style":"solid"},{"icon":"cart-flatbed-suitcase","style":"solid"},{"icon":"cart-plus","style":"solid"},{"icon":"cash-register","style":"solid"},{"icon":"cat","style":"solid"},{"icon":"cc-amazon-pay","style":"brands"},{"icon":"cc-amex","style":"brands"},{"icon":"cc-apple-pay","style":"brands"},{"icon":"cc-diners-club","style":"brands"},{"icon":"cc-discover","style":"brands"},{"icon":"cc-jcb","style":"brands"},{"icon":"cc-mastercard","style":"brands"},{"icon":"cc-paypal","style":"brands"},{"icon":"cc-stripe","style":"brands"},{"icon":"cc-visa","style":"brands"},{"icon":"cedi-sign","style":"solid"},{"icon":"cent-sign","style":"solid"},{"icon":"centercode","style":"brands"},{"icon":"centos","style":"brands"},{"icon":"certificate","style":"solid"},{"icon":"chair","style":"solid"},{"icon":"chalkboard","style":"solid"},{"icon":"chalkboard-user","style":"solid"},{"icon":"champagne-glasses","style":"solid"},{"icon":"charging-station","style":"solid"},{"icon":"chart-area","style":"solid"},{"icon":"chart-bar","style":"solid"},{"icon":"chart-bar","style":"regular"},{"icon":"chart-column","style":"solid"},{"icon":"chart-gantt","style":"solid"},{"icon":"chart-line","style":"solid"},{"icon":"chart-pie","style":"solid"},{"icon":"check","style":"solid"},{"icon":"check-double","style":"solid"},{"icon":"check-to-slot","style":"solid"},{"icon":"cheese","style":"solid"},{"icon":"chess","style":"solid"},{"icon":"chess-bishop","style":"solid"},{"icon":"chess-bishop","style":"regular"},{"icon":"chess-board","style":"solid"},{"icon":"chess-king","style":"solid"},{"icon":"chess-king","style":"regular"},{"icon":"chess-knight","style":"solid"},{"icon":"chess-knight","style":"regular"},{"icon":"chess-pawn","style":"solid"},{"icon":"chess-pawn","style":"regular"},{"icon":"chess-queen","style":"solid"},{"icon":"chess-queen","style":"regular"},{"icon":"chess-rook","style":"solid"},{"icon":"chess-rook","style":"regular"},{"icon":"chevron-down","style":"solid"},{"icon":"chevron-left","style":"solid"},{"icon":"chevron-right","style":"solid"},{"icon":"chevron-up","style":"solid"},{"icon":"child","style":"solid"},{"icon":"child-combatant","style":"solid"},{"icon":"child-dress","style":"solid"},{"icon":"child-reaching","style":"solid"},{"icon":"children","style":"solid"},{"icon":"chrome","style":"brands"},{"icon":"chromecast","style":"brands"},{"icon":"church","style":"solid"},{"icon":"circle","style":"solid"},{"icon":"circle","style":"regular"},{"icon":"circle-arrow-down","style":"solid"},{"icon":"circle-arrow-left","style":"solid"},{"icon":"circle-arrow-right","style":"solid"},{"icon":"circle-arrow-up","style":"solid"},{"icon":"circle-check","style":"solid"},{"icon":"circle-chevron-down","style":"solid"},{"icon":"circle-chevron-left","style":"solid"},{"icon":"circle-chevron-right","style":"solid"},{"icon":"circle-chevron-up","style":"solid"},{"icon":"circle-dollar-to-slot","style":"solid"},{"icon":"circle-dot","style":"solid"},{"icon":"circle-dot","style":"regular"},{"icon":"circle-down","style":"solid"},{"icon":"circle-down","style":"regular"},{"icon":"circle-exclamation","style":"solid"},{"icon":"circle-h","style":"solid"},{"icon":"circle-half-stroke","style":"solid"},{"icon":"circle-info","style":"solid"},{"icon":"circle-left","style":"solid"},{"icon":"circle-left","style":"regular"},{"icon":"circle-minus","style":"solid"},{"icon":"circle-nodes","style":"solid"},{"icon":"circle-notch","style":"solid"},{"icon":"circle-pause","style":"solid"},{"icon":"circle-pause","style":"regular"},{"icon":"circle-play","style":"solid"},{"icon":"circle-play","style":"regular"},{"icon":"circle-plus","style":"solid"},{"icon":"circle-question","style":"solid"},{"icon":"circle-question","style":"regular"},{"icon":"circle-radiation","style":"solid"},{"icon":"circle-right","style":"solid"},{"icon":"circle-right","style":"regular"},{"icon":"circle-stop","style":"solid"},{"icon":"circle-stop","style":"regular"},{"icon":"circle-up","style":"solid"},{"icon":"circle-up","style":"regular"},{"icon":"circle-user","style":"solid"},{"icon":"circle-xmark","style":"solid"},{"icon":"city","style":"solid"},{"icon":"clapperboard","style":"solid"},{"icon":"clipboard","style":"solid"},{"icon":"clipboard-check","style":"solid"},{"icon":"clipboard-list","style":"solid"},{"icon":"clipboard-question","style":"solid"},{"icon":"clipboard-user","style":"solid"},{"icon":"clock","style":"solid"},{"icon":"clock","style":"regular"},{"icon":"clock-rotate-left","style":"solid"},{"icon":"clone","style":"solid"},{"icon":"clone","style":"regular"},{"icon":"closed-captioning","style":"solid"},{"icon":"closed-captioning","style":"regular"},{"icon":"cloud","style":"solid"},{"icon":"cloud-arrow-down","style":"solid"},{"icon":"cloud-arrow-up","style":"solid"},{"icon":"cloud-bolt","style":"solid"},{"icon":"cloud-meatball","style":"solid"},{"icon":"cloud-moon","style":"solid"},{"icon":"cloud-moon-rain","style":"solid"},{"icon":"cloud-rain","style":"solid"},{"icon":"cloud-showers-heavy","style":"solid"},{"icon":"cloud-showers-water","style":"solid"},{"icon":"cloud-sun","style":"solid"},{"icon":"cloud-sun-rain","style":"solid"},{"icon":"cloudflare","style":"brands"},{"icon":"cloudscale","style":"brands"},{"icon":"cloudsmith","style":"brands"},{"icon":"cloudversify","style":"brands"},{"icon":"clover","style":"solid"},{"icon":"cmplid","style":"brands"},{"icon":"code","style":"solid"},{"icon":"code-branch","style":"solid"},{"icon":"code-commit","style":"solid"},{"icon":"code-compare","style":"solid"},{"icon":"code-fork","style":"solid"},{"icon":"code-merge","style":"solid"},{"icon":"code-pull-request","style":"solid"},{"icon":"codepen","style":"brands"},{"icon":"codiepie","style":"brands"},{"icon":"coins","style":"solid"},{"icon":"colon-sign","style":"solid"},{"icon":"comment","style":"solid"},{"icon":"comment","style":"regular"},{"icon":"comment-dollar","style":"solid"},{"icon":"comment-dots","style":"solid"},{"icon":"comment-dots","style":"regular"},{"icon":"comment-medical","style":"solid"},{"icon":"comment-slash","style":"solid"},{"icon":"comment-sms","style":"solid"},{"icon":"comments","style":"solid"},{"icon":"comments-dollar","style":"solid"},{"icon":"compact-disc","style":"solid"},{"icon":"compass","style":"solid"},{"icon":"compass","style":"regular"},{"icon":"compass-drafting","style":"solid"},{"icon":"compress","style":"solid"},{"icon":"computer","style":"solid"},{"icon":"computer-mouse","style":"solid"},{"icon":"confluence","style":"brands"},{"icon":"connectdevelop","style":"brands"},{"icon":"contao","style":"brands"},{"icon":"cookie","style":"solid"},{"icon":"cookie-bite","style":"solid"},{"icon":"copy","style":"solid"},{"icon":"copy","style":"regular"},{"icon":"copyright","style":"solid"},{"icon":"copyright","style":"regular"},{"icon":"cotton-bureau","style":"brands"},{"icon":"couch","style":"solid"},{"icon":"cow","style":"solid"},{"icon":"cpanel","style":"brands"},{"icon":"creative-commons","style":"brands"},{"icon":"creative-commons-by","style":"brands"},{"icon":"creative-commons-nc","style":"brands"},{"icon":"creative-commons-nc-eu","style":"brands"},{"icon":"creative-commons-nc-jp","style":"brands"},{"icon":"creative-commons-nd","style":"brands"},{"icon":"creative-commons-pd","style":"brands"},{"icon":"creative-commons-pd-alt","style":"brands"},{"icon":"creative-commons-remix","style":"brands"},{"icon":"creative-commons-sa","style":"brands"},{"icon":"creative-commons-sampling","style":"brands"},{"icon":"creative-commons-sampling-plus","style":"brands"},{"icon":"creative-commons-share","style":"brands"},{"icon":"creative-commons-zero","style":"brands"},{"icon":"credit-card","style":"solid"},{"icon":"credit-card","style":"regular"},{"icon":"critical-role","style":"brands"},{"icon":"crop","style":"solid"},{"icon":"crop-simple","style":"solid"},{"icon":"cross","style":"solid"},{"icon":"crosshairs","style":"solid"},{"icon":"crow","style":"solid"},{"icon":"crown","style":"solid"},{"icon":"crutch","style":"solid"},{"icon":"cruzeiro-sign","style":"solid"},{"icon":"css3","style":"brands"},{"icon":"css3-alt","style":"brands"},{"icon":"cube","style":"solid"},{"icon":"cubes","style":"solid"},{"icon":"cubes-stacked","style":"solid"},{"icon":"cuttlefish","style":"brands"},{"icon":"d","style":"solid"},{"icon":"d-and-d","style":"brands"},{"icon":"d-and-d-beyond","style":"brands"},{"icon":"dailymotion","style":"brands"},{"icon":"dashcube","style":"brands"},{"icon":"database","style":"solid"},{"icon":"deezer","style":"brands"},{"icon":"delete-left","style":"solid"},{"icon":"delicious","style":"brands"},{"icon":"democrat","style":"solid"},{"icon":"deploydog","style":"brands"},{"icon":"deskpro","style":"brands"},{"icon":"desktop","style":"solid"},{"icon":"dev","style":"brands"},{"icon":"deviantart","style":"brands"},{"icon":"dharmachakra","style":"solid"},{"icon":"dhl","style":"brands"},{"icon":"diagram-next","style":"solid"},{"icon":"diagram-predecessor","style":"solid"},{"icon":"diagram-project","style":"solid"},{"icon":"diagram-successor","style":"solid"},{"icon":"diamond","style":"solid"},{"icon":"diamond-turn-right","style":"solid"},{"icon":"diaspora","style":"brands"},{"icon":"dice","style":"solid"},{"icon":"dice-d20","style":"solid"},{"icon":"dice-d6","style":"solid"},{"icon":"dice-five","style":"solid"},{"icon":"dice-four","style":"solid"},{"icon":"dice-one","style":"solid"},{"icon":"dice-six","style":"solid"},{"icon":"dice-three","style":"solid"},{"icon":"dice-two","style":"solid"},{"icon":"digg","style":"brands"},{"icon":"digital-ocean","style":"brands"},{"icon":"discord","style":"brands"},{"icon":"discourse","style":"brands"},{"icon":"disease","style":"solid"},{"icon":"display","style":"solid"},{"icon":"divide","style":"solid"},{"icon":"dna","style":"solid"},{"icon":"dochub","style":"brands"},{"icon":"docker","style":"brands"},{"icon":"dog","style":"solid"},{"icon":"dollar-sign","style":"solid"},{"icon":"dolly","style":"solid"},{"icon":"dong-sign","style":"solid"},{"icon":"door-closed","style":"solid"},{"icon":"door-open","style":"solid"},{"icon":"dove","style":"solid"},{"icon":"down-left-and-up-right-to-center","style":"solid"},{"icon":"down-long","style":"solid"},{"icon":"download","style":"solid"},{"icon":"draft2digital","style":"brands"},{"icon":"dragon","style":"solid"},{"icon":"draw-polygon","style":"solid"},{"icon":"dribbble","style":"brands"},{"icon":"dropbox","style":"brands"},{"icon":"droplet","style":"solid"},{"icon":"droplet-slash","style":"solid"},{"icon":"drum","style":"solid"},{"icon":"drum-steelpan","style":"solid"},{"icon":"drumstick-bite","style":"solid"},{"icon":"drupal","style":"brands"},{"icon":"dumbbell","style":"solid"},{"icon":"dumpster","style":"solid"},{"icon":"dumpster-fire","style":"solid"},{"icon":"dungeon","style":"solid"},{"icon":"dyalog","style":"brands"},{"icon":"e","style":"solid"},{"icon":"ear-deaf","style":"solid"},{"icon":"ear-listen","style":"solid"},{"icon":"earlybirds","style":"brands"},{"icon":"earth-africa","style":"solid"},{"icon":"earth-americas","style":"solid"},{"icon":"earth-asia","style":"solid"},{"icon":"earth-europe","style":"solid"},{"icon":"earth-oceania","style":"solid"},{"icon":"ebay","style":"brands"},{"icon":"edge","style":"brands"},{"icon":"edge-legacy","style":"brands"},{"icon":"egg","style":"solid"},{"icon":"eject","style":"solid"},{"icon":"elementor","style":"brands"},{"icon":"elevator","style":"solid"},{"icon":"ellipsis","style":"solid"},{"icon":"ellipsis-vertical","style":"solid"},{"icon":"ello","style":"brands"},{"icon":"ember","style":"brands"},{"icon":"empire","style":"brands"},{"icon":"envelope","style":"solid"},{"icon":"envelope-circle-check","style":"solid"},{"icon":"envelope-open","style":"solid"},{"icon":"envelope-open","style":"regular"},{"icon":"envelope-open-text","style":"solid"},{"icon":"envelopes-bulk","style":"solid"},{"icon":"envira","style":"brands"},{"icon":"equals","style":"solid"},{"icon":"eraser","style":"solid"},{"icon":"erlang","style":"brands"},{"icon":"ethereum","style":"brands"},{"icon":"ethernet","style":"solid"},{"icon":"etsy","style":"brands"},{"icon":"euro-sign","style":"solid"},{"icon":"evernote","style":"brands"},{"icon":"exclamation","style":"solid"},{"icon":"expand","style":"solid"},{"icon":"expeditedssl","style":"brands"},{"icon":"explosion","style":"solid"},{"icon":"eye","style":"solid"},{"icon":"eye","style":"regular"},{"icon":"eye-dropper","style":"solid"},{"icon":"eye-low-vision","style":"solid"},{"icon":"eye-slash","style":"solid"},{"icon":"eye-slash","style":"regular"},{"icon":"f","style":"solid"},{"icon":"face-angry","style":"solid"},{"icon":"face-angry","style":"regular"},{"icon":"face-dizzy","style":"solid"},{"icon":"face-dizzy","style":"regular"},{"icon":"face-flushed","style":"solid"},{"icon":"face-flushed","style":"regular"},{"icon":"face-frown","style":"solid"},{"icon":"face-frown","style":"regular"},{"icon":"face-frown-open","style":"solid"},{"icon":"face-frown-open","style":"regular"},{"icon":"face-grimace","style":"solid"},{"icon":"face-grimace","style":"regular"},{"icon":"face-grin","style":"solid"},{"icon":"face-grin","style":"regular"},{"icon":"face-grin-beam","style":"solid"},{"icon":"face-grin-beam","style":"regular"},{"icon":"face-grin-beam-sweat","style":"solid"},{"icon":"face-grin-beam-sweat","style":"regular"},{"icon":"face-grin-hearts","style":"solid"},{"icon":"face-grin-hearts","style":"regular"},{"icon":"face-grin-squint","style":"solid"},{"icon":"face-grin-squint","style":"regular"},{"icon":"face-grin-squint-tears","style":"solid"},{"icon":"face-grin-squint-tears","style":"regular"},{"icon":"face-grin-stars","style":"solid"},{"icon":"face-grin-stars","style":"regular"},{"icon":"face-grin-tears","style":"solid"},{"icon":"face-grin-tears","style":"regular"},{"icon":"face-grin-tongue","style":"solid"},{"icon":"face-grin-tongue","style":"regular"},{"icon":"face-grin-tongue-squint","style":"solid"},{"icon":"face-grin-tongue-squint","style":"regular"},{"icon":"face-grin-tongue-wink","style":"solid"},{"icon":"face-grin-tongue-wink","style":"regular"},{"icon":"face-grin-wide","style":"solid"},{"icon":"face-grin-wide","style":"regular"},{"icon":"face-grin-wink","style":"solid"},{"icon":"face-grin-wink","style":"regular"},{"icon":"face-kiss","style":"solid"},{"icon":"face-kiss","style":"regular"},{"icon":"face-kiss-beam","style":"solid"},{"icon":"face-kiss-beam","style":"regular"},{"icon":"face-kiss-wink-heart","style":"solid"},{"icon":"face-kiss-wink-heart","style":"regular"},{"icon":"face-laugh","style":"solid"},{"icon":"face-laugh","style":"regular"},{"icon":"face-laugh-beam","style":"solid"},{"icon":"face-laugh-beam","style":"regular"},{"icon":"face-laugh-squint","style":"solid"},{"icon":"face-laugh-squint","style":"regular"},{"icon":"face-laugh-wink","style":"solid"},{"icon":"face-laugh-wink","style":"regular"},{"icon":"face-meh","style":"solid"},{"icon":"face-meh","style":"regular"},{"icon":"face-meh-blank","style":"solid"},{"icon":"face-meh-blank","style":"regular"},{"icon":"face-rolling-eyes","style":"solid"},{"icon":"face-rolling-eyes","style":"regular"},{"icon":"face-sad-cry","style":"solid"},{"icon":"face-sad-cry","style":"regular"},{"icon":"face-sad-tear","style":"solid"},{"icon":"face-sad-tear","style":"regular"},{"icon":"face-smile","style":"solid"},{"icon":"face-smile","style":"regular"},{"icon":"face-smile-beam","style":"solid"},{"icon":"face-smile-beam","style":"regular"},{"icon":"face-smile-wink","style":"solid"},{"icon":"face-smile-wink","style":"regular"},{"icon":"face-surprise","style":"solid"},{"icon":"face-surprise","style":"regular"},{"icon":"face-tired","style":"solid"},{"icon":"face-tired","style":"regular"},{"icon":"facebook","style":"brands"},{"icon":"facebook-f","style":"brands"},{"icon":"facebook-messenger","style":"brands"},{"icon":"fan","style":"solid"},{"icon":"fantasy-flight-games","style":"brands"},{"icon":"faucet","style":"solid"},{"icon":"faucet-drip","style":"solid"},{"icon":"fax","style":"solid"},{"icon":"feather","style":"solid"},{"icon":"feather-pointed","style":"solid"},{"icon":"fedex","style":"brands"},{"icon":"fedora","style":"brands"},{"icon":"ferry","style":"solid"},{"icon":"figma","style":"brands"},{"icon":"file","style":"solid"},{"icon":"file","style":"regular"},{"icon":"file-arrow-down","style":"solid"},{"icon":"file-arrow-up","style":"solid"},{"icon":"file-audio","style":"solid"},{"icon":"file-audio","style":"regular"},{"icon":"file-circle-check","style":"solid"},{"icon":"file-circle-exclamation","style":"solid"},{"icon":"file-circle-minus","style":"solid"},{"icon":"file-circle-plus","style":"solid"},{"icon":"file-circle-question","style":"solid"},{"icon":"file-circle-xmark","style":"solid"},{"icon":"file-code","style":"solid"},{"icon":"file-code","style":"regular"},{"icon":"file-contract","style":"solid"},{"icon":"file-csv","style":"solid"},{"icon":"file-excel","style":"solid"},{"icon":"file-excel","style":"regular"},{"icon":"file-export","style":"solid"},{"icon":"file-image","style":"solid"},{"icon":"file-image","style":"regular"},{"icon":"file-import","style":"solid"},{"icon":"file-invoice","style":"solid"},{"icon":"file-invoice-dollar","style":"solid"},{"icon":"file-lines","style":"solid"},{"icon":"file-lines","style":"regular"},{"icon":"file-medical","style":"solid"},{"icon":"file-pdf","style":"solid"},{"icon":"file-pdf","style":"regular"},{"icon":"file-pen","style":"solid"},{"icon":"file-powerpoint","style":"solid"},{"icon":"file-powerpoint","style":"regular"},{"icon":"file-prescription","style":"solid"},{"icon":"file-shield","style":"solid"},{"icon":"file-signature","style":"solid"},{"icon":"file-video","style":"solid"},{"icon":"file-video","style":"regular"},{"icon":"file-waveform","style":"solid"},{"icon":"file-word","style":"solid"},{"icon":"file-word","style":"regular"},{"icon":"file-zipper","style":"solid"},{"icon":"file-zipper","style":"regular"},{"icon":"fill","style":"solid"},{"icon":"fill-drip","style":"solid"},{"icon":"film","style":"solid"},{"icon":"filter","style":"solid"},{"icon":"filter-circle-dollar","style":"solid"},{"icon":"filter-circle-xmark","style":"solid"},{"icon":"fingerprint","style":"solid"},{"icon":"fire","style":"solid"},{"icon":"fire-burner","style":"solid"},{"icon":"fire-extinguisher","style":"solid"},{"icon":"fire-flame-curved","style":"solid"},{"icon":"fire-flame-simple","style":"solid"},{"icon":"firefox","style":"brands"},{"icon":"firefox-browser","style":"brands"},{"icon":"first-order","style":"brands"},{"icon":"first-order-alt","style":"brands"},{"icon":"firstdraft","style":"brands"},{"icon":"fish","style":"solid"},{"icon":"fish-fins","style":"solid"},{"icon":"flag","style":"solid"},{"icon":"flag","style":"regular"},{"icon":"flag-checkered","style":"solid"},{"icon":"flag-usa","style":"solid"},{"icon":"flask","style":"solid"},{"icon":"flask-vial","style":"solid"},{"icon":"flickr","style":"brands"},{"icon":"flipboard","style":"brands"},{"icon":"floppy-disk","style":"solid"},{"icon":"floppy-disk","style":"regular"},{"icon":"florin-sign","style":"solid"},{"icon":"fly","style":"brands"},{"icon":"folder","style":"solid"},{"icon":"folder","style":"regular"},{"icon":"folder-closed","style":"solid"},{"icon":"folder-closed","style":"regular"},{"icon":"folder-minus","style":"solid"},{"icon":"folder-open","style":"solid"},{"icon":"folder-open","style":"regular"},{"icon":"folder-plus","style":"solid"},{"icon":"folder-tree","style":"solid"},{"icon":"font","style":"solid"},{"icon":"font-awesome","style":"solid"},{"icon":"font-awesome","style":"regular"},{"icon":"font-awesome","style":"brands"},{"icon":"fonticons","style":"brands"},{"icon":"fonticons-fi","style":"brands"},{"icon":"football","style":"solid"},{"icon":"fort-awesome","style":"brands"},{"icon":"fort-awesome-alt","style":"brands"},{"icon":"forumbee","style":"brands"},{"icon":"forward","style":"solid"},{"icon":"forward-fast","style":"solid"},{"icon":"forward-step","style":"solid"},{"icon":"foursquare","style":"brands"},{"icon":"franc-sign","style":"solid"},{"icon":"free-code-camp","style":"brands"},{"icon":"freebsd","style":"brands"},{"icon":"frog","style":"solid"},{"icon":"fulcrum","style":"brands"},{"icon":"futbol","style":"solid"},{"icon":"futbol","style":"regular"},{"icon":"g","style":"solid"},{"icon":"galactic-republic","style":"brands"},{"icon":"galactic-senate","style":"brands"},{"icon":"gamepad","style":"solid"},{"icon":"gas-pump","style":"solid"},{"icon":"gauge","style":"solid"},{"icon":"gauge-high","style":"solid"},{"icon":"gauge-simple","style":"solid"},{"icon":"gauge-simple-high","style":"solid"},{"icon":"gavel","style":"solid"},{"icon":"gear","style":"solid"},{"icon":"gears","style":"solid"},{"icon":"gem","style":"solid"},{"icon":"gem","style":"regular"},{"icon":"genderless","style":"solid"},{"icon":"get-pocket","style":"brands"},{"icon":"gg","style":"brands"},{"icon":"gg-circle","style":"brands"},{"icon":"ghost","style":"solid"},{"icon":"gift","style":"solid"},{"icon":"gifts","style":"solid"},{"icon":"git","style":"brands"},{"icon":"git-alt","style":"brands"},{"icon":"github","style":"brands"},{"icon":"github-alt","style":"brands"},{"icon":"gitkraken","style":"brands"},{"icon":"gitlab","style":"brands"},{"icon":"gitter","style":"brands"},{"icon":"glass-water","style":"solid"},{"icon":"glass-water-droplet","style":"solid"},{"icon":"glasses","style":"solid"},{"icon":"glide","style":"brands"},{"icon":"glide-g","style":"brands"},{"icon":"globe","style":"solid"},{"icon":"gofore","style":"brands"},{"icon":"golang","style":"brands"},{"icon":"golf-ball-tee","style":"solid"},{"icon":"goodreads","style":"brands"},{"icon":"goodreads-g","style":"brands"},{"icon":"google","style":"brands"},{"icon":"google-drive","style":"brands"},{"icon":"google-pay","style":"brands"},{"icon":"google-play","style":"brands"},{"icon":"google-plus","style":"brands"},{"icon":"google-plus-g","style":"brands"},{"icon":"google-wallet","style":"brands"},{"icon":"gopuram","style":"solid"},{"icon":"graduation-cap","style":"solid"},{"icon":"gratipay","style":"brands"},{"icon":"grav","style":"brands"},{"icon":"greater-than","style":"solid"},{"icon":"greater-than-equal","style":"solid"},{"icon":"grip","style":"solid"},{"icon":"grip-lines","style":"solid"},{"icon":"grip-lines-vertical","style":"solid"},{"icon":"grip-vertical","style":"solid"},{"icon":"gripfire","style":"brands"},{"icon":"group-arrows-rotate","style":"solid"},{"icon":"grunt","style":"brands"},{"icon":"guarani-sign","style":"solid"},{"icon":"guilded","style":"brands"},{"icon":"guitar","style":"solid"},{"icon":"gulp","style":"brands"},{"icon":"gun","style":"solid"},{"icon":"h","style":"solid"},{"icon":"hacker-news","style":"brands"},{"icon":"hackerrank","style":"brands"},{"icon":"hammer","style":"solid"},{"icon":"hamsa","style":"solid"},{"icon":"hand","style":"solid"},{"icon":"hand","style":"regular"},{"icon":"hand-back-fist","style":"solid"},{"icon":"hand-back-fist","style":"regular"},{"icon":"hand-dots","style":"solid"},{"icon":"hand-fist","style":"solid"},{"icon":"hand-holding","style":"solid"},{"icon":"hand-holding-dollar","style":"solid"},{"icon":"hand-holding-droplet","style":"solid"},{"icon":"hand-holding-hand","style":"solid"},{"icon":"hand-holding-heart","style":"solid"},{"icon":"hand-holding-medical","style":"solid"},{"icon":"hand-lizard","style":"solid"},{"icon":"hand-lizard","style":"regular"},{"icon":"hand-middle-finger","style":"solid"},{"icon":"hand-peace","style":"solid"},{"icon":"hand-peace","style":"regular"},{"icon":"hand-point-down","style":"solid"},{"icon":"hand-point-down","style":"regular"},{"icon":"hand-point-left","style":"solid"},{"icon":"hand-point-left","style":"regular"},{"icon":"hand-point-right","style":"solid"},{"icon":"hand-point-right","style":"regular"},{"icon":"hand-point-up","style":"solid"},{"icon":"hand-point-up","style":"regular"},{"icon":"hand-pointer","style":"solid"},{"icon":"hand-pointer","style":"regular"},{"icon":"hand-scissors","style":"solid"},{"icon":"hand-scissors","style":"regular"},{"icon":"hand-sparkles","style":"solid"},{"icon":"hand-spock","style":"solid"},{"icon":"hand-spock","style":"regular"},{"icon":"handcuffs","style":"solid"},{"icon":"hands","style":"solid"},{"icon":"hands-asl-interpreting","style":"solid"},{"icon":"hands-bound","style":"solid"},{"icon":"hands-bubbles","style":"solid"},{"icon":"hands-clapping","style":"solid"},{"icon":"hands-holding","style":"solid"},{"icon":"hands-holding-child","style":"solid"},{"icon":"hands-holding-circle","style":"solid"},{"icon":"hands-praying","style":"solid"},{"icon":"handshake","style":"solid"},{"icon":"handshake-angle","style":"solid"},{"icon":"handshake-simple","style":"solid"},{"icon":"handshake-simple-slash","style":"solid"},{"icon":"handshake-slash","style":"solid"},{"icon":"hanukiah","style":"solid"},{"icon":"hard-drive","style":"solid"},{"icon":"hard-drive","style":"regular"},{"icon":"hashnode","style":"brands"},{"icon":"hashtag","style":"solid"},{"icon":"hat-cowboy","style":"solid"},{"icon":"hat-cowboy-side","style":"solid"},{"icon":"hat-wizard","style":"solid"},{"icon":"head-side-cough","style":"solid"},{"icon":"head-side-cough-slash","style":"solid"},{"icon":"head-side-mask","style":"solid"},{"icon":"head-side-virus","style":"solid"},{"icon":"heading","style":"solid"},{"icon":"headphones","style":"solid"},{"icon":"headphones-simple","style":"solid"},{"icon":"headset","style":"solid"},{"icon":"heart","style":"solid"},{"icon":"heart-circle-bolt","style":"solid"},{"icon":"heart-circle-check","style":"solid"},{"icon":"heart-circle-exclamation","style":"solid"},{"icon":"heart-circle-minus","style":"solid"},{"icon":"heart-circle-plus","style":"solid"},{"icon":"heart-circle-xmark","style":"solid"},{"icon":"heart-crack","style":"solid"},{"icon":"heart-pulse","style":"solid"},{"icon":"helicopter","style":"solid"},{"icon":"helicopter-symbol","style":"solid"},{"icon":"helmet-safety","style":"solid"},{"icon":"helmet-un","style":"solid"},{"icon":"highlighter","style":"solid"},{"icon":"hill-avalanche","style":"solid"},{"icon":"hill-rockslide","style":"solid"},{"icon":"hippo","style":"solid"},{"icon":"hips","style":"brands"},{"icon":"hire-a-helper","style":"brands"},{"icon":"hive","style":"brands"},{"icon":"hockey-puck","style":"solid"},{"icon":"holly-berry","style":"solid"},{"icon":"hooli","style":"brands"},{"icon":"hornbill","style":"brands"},{"icon":"horse","style":"solid"},{"icon":"horse-head","style":"solid"},{"icon":"hospital","style":"solid"},{"icon":"hospital","style":"regular"},{"icon":"hospital-user","style":"solid"},{"icon":"hot-tub-person","style":"solid"},{"icon":"hotdog","style":"solid"},{"icon":"hotel","style":"solid"},{"icon":"hotjar","style":"brands"},{"icon":"hourglass","style":"solid"},{"icon":"hourglass","style":"regular"},{"icon":"hourglass-end","style":"solid"},{"icon":"hourglass-half","style":"solid"},{"icon":"hourglass-half","style":"regular"},{"icon":"hourglass-start","style":"solid"},{"icon":"house","style":"solid"},{"icon":"house-chimney","style":"solid"},{"icon":"house-chimney-crack","style":"solid"},{"icon":"house-chimney-medical","style":"solid"},{"icon":"house-chimney-user","style":"solid"},{"icon":"house-chimney-window","style":"solid"},{"icon":"house-circle-check","style":"solid"},{"icon":"house-circle-exclamation","style":"solid"},{"icon":"house-circle-xmark","style":"solid"},{"icon":"house-crack","style":"solid"},{"icon":"house-fire","style":"solid"},{"icon":"house-flag","style":"solid"},{"icon":"house-flood-water","style":"solid"},{"icon":"house-flood-water-circle-arrow-right","style":"solid"},{"icon":"house-laptop","style":"solid"},{"icon":"house-lock","style":"solid"},{"icon":"house-medical","style":"solid"},{"icon":"house-medical-circle-check","style":"solid"},{"icon":"house-medical-circle-exclamation","style":"solid"},{"icon":"house-medical-circle-xmark","style":"solid"},{"icon":"house-medical-flag","style":"solid"},{"icon":"house-signal","style":"solid"},{"icon":"house-tsunami","style":"solid"},{"icon":"house-user","style":"solid"},{"icon":"houzz","style":"brands"},{"icon":"hryvnia-sign","style":"solid"},{"icon":"html5","style":"brands"},{"icon":"hubspot","style":"brands"},{"icon":"hurricane","style":"solid"},{"icon":"i","style":"solid"},{"icon":"i-cursor","style":"solid"},{"icon":"ice-cream","style":"solid"},{"icon":"icicles","style":"solid"},{"icon":"icons","style":"solid"},{"icon":"id-badge","style":"solid"},{"icon":"id-badge","style":"regular"},{"icon":"id-card","style":"solid"},{"icon":"id-card","style":"regular"},{"icon":"id-card-clip","style":"solid"},{"icon":"ideal","style":"brands"},{"icon":"igloo","style":"solid"},{"icon":"image","style":"solid"},{"icon":"image-portrait","style":"solid"},{"icon":"images","style":"solid"},{"icon":"images","style":"regular"},{"icon":"imdb","style":"brands"},{"icon":"inbox","style":"solid"},{"icon":"indent","style":"solid"},{"icon":"indian-rupee-sign","style":"solid"},{"icon":"industry","style":"solid"},{"icon":"infinity","style":"solid"},{"icon":"info","style":"solid"},{"icon":"instagram","style":"brands"},{"icon":"instalod","style":"brands"},{"icon":"intercom","style":"brands"},{"icon":"internet-explorer","style":"brands"},{"icon":"invision","style":"brands"},{"icon":"ioxhost","style":"brands"},{"icon":"italic","style":"solid"},{"icon":"itch-io","style":"brands"},{"icon":"itunes","style":"brands"},{"icon":"itunes-note","style":"brands"},{"icon":"j","style":"solid"},{"icon":"jar","style":"solid"},{"icon":"jar-wheat","style":"solid"},{"icon":"java","style":"brands"},{"icon":"jedi","style":"solid"},{"icon":"jedi-order","style":"brands"},{"icon":"jenkins","style":"brands"},{"icon":"jet-fighter","style":"solid"},{"icon":"jet-fighter-up","style":"solid"},{"icon":"jira","style":"brands"},{"icon":"joget","style":"brands"},{"icon":"joint","style":"solid"},{"icon":"joomla","style":"brands"},{"icon":"js","style":"brands"},{"icon":"jsfiddle","style":"brands"},{"icon":"jug-detergent","style":"solid"},{"icon":"k","style":"solid"},{"icon":"kaaba","style":"solid"},{"icon":"kaggle","style":"brands"},{"icon":"key","style":"solid"},{"icon":"keybase","style":"brands"},{"icon":"keyboard","style":"solid"},{"icon":"keyboard","style":"regular"},{"icon":"keycdn","style":"brands"},{"icon":"khanda","style":"solid"},{"icon":"kickstarter","style":"brands"},{"icon":"kickstarter-k","style":"brands"},{"icon":"kip-sign","style":"solid"},{"icon":"kit-medical","style":"solid"},{"icon":"kitchen-set","style":"solid"},{"icon":"kiwi-bird","style":"solid"},{"icon":"korvue","style":"brands"},{"icon":"l","style":"solid"},{"icon":"land-mine-on","style":"solid"},{"icon":"landmark","style":"solid"},{"icon":"landmark-dome","style":"solid"},{"icon":"landmark-flag","style":"solid"},{"icon":"language","style":"solid"},{"icon":"laptop","style":"solid"},{"icon":"laptop-code","style":"solid"},{"icon":"laptop-file","style":"solid"},{"icon":"laptop-medical","style":"solid"},{"icon":"laravel","style":"brands"},{"icon":"lari-sign","style":"solid"},{"icon":"lastfm","style":"brands"},{"icon":"layer-group","style":"solid"},{"icon":"leaf","style":"solid"},{"icon":"leanpub","style":"brands"},{"icon":"left-long","style":"solid"},{"icon":"left-right","style":"solid"},{"icon":"lemon","style":"solid"},{"icon":"lemon","style":"regular"},{"icon":"less","style":"brands"},{"icon":"less-than","style":"solid"},{"icon":"less-than-equal","style":"solid"},{"icon":"life-ring","style":"solid"},{"icon":"life-ring","style":"regular"},{"icon":"lightbulb","style":"solid"},{"icon":"lightbulb","style":"regular"},{"icon":"line","style":"brands"},{"icon":"lines-leaning","style":"solid"},{"icon":"link","style":"solid"},{"icon":"link-slash","style":"solid"},{"icon":"linkedin","style":"brands"},{"icon":"linkedin-in","style":"brands"},{"icon":"linode","style":"brands"},{"icon":"linux","style":"brands"},{"icon":"lira-sign","style":"solid"},{"icon":"list","style":"solid"},{"icon":"list-check","style":"solid"},{"icon":"list-ol","style":"solid"},{"icon":"list-ul","style":"solid"},{"icon":"litecoin-sign","style":"solid"},{"icon":"location-arrow","style":"solid"},{"icon":"location-crosshairs","style":"solid"},{"icon":"location-dot","style":"solid"},{"icon":"location-pin","style":"solid"},{"icon":"location-pin-lock","style":"solid"},{"icon":"lock","style":"solid"},{"icon":"lock-open","style":"solid"},{"icon":"locust","style":"solid"},{"icon":"lungs","style":"solid"},{"icon":"lungs-virus","style":"solid"},{"icon":"lyft","style":"brands"},{"icon":"m","style":"solid"},{"icon":"magento","style":"brands"},{"icon":"magnet","style":"solid"},{"icon":"magnifying-glass","style":"solid"},{"icon":"magnifying-glass-arrow-right","style":"solid"},{"icon":"magnifying-glass-chart","style":"solid"},{"icon":"magnifying-glass-dollar","style":"solid"},{"icon":"magnifying-glass-location","style":"solid"},{"icon":"magnifying-glass-minus","style":"solid"},{"icon":"magnifying-glass-plus","style":"solid"},{"icon":"mailchimp","style":"brands"},{"icon":"manat-sign","style":"solid"},{"icon":"mandalorian","style":"brands"},{"icon":"map","style":"solid"},{"icon":"map","style":"regular"},{"icon":"map-location","style":"solid"},{"icon":"map-location-dot","style":"solid"},{"icon":"map-pin","style":"solid"},{"icon":"markdown","style":"brands"},{"icon":"marker","style":"solid"},{"icon":"mars","style":"solid"},{"icon":"mars-and-venus","style":"solid"},{"icon":"mars-and-venus-burst","style":"solid"},{"icon":"mars-double","style":"solid"},{"icon":"mars-stroke","style":"solid"},{"icon":"mars-stroke-right","style":"solid"},{"icon":"mars-stroke-up","style":"solid"},{"icon":"martini-glass","style":"solid"},{"icon":"martini-glass-citrus","style":"solid"},{"icon":"martini-glass-empty","style":"solid"},{"icon":"mask","style":"solid"},{"icon":"mask-face","style":"solid"},{"icon":"mask-ventilator","style":"solid"},{"icon":"masks-theater","style":"solid"},{"icon":"mastodon","style":"brands"},{"icon":"mattress-pillow","style":"solid"},{"icon":"maxcdn","style":"brands"},{"icon":"maximize","style":"solid"},{"icon":"mdb","style":"brands"},{"icon":"medal","style":"solid"},{"icon":"medapps","style":"brands"},{"icon":"medium","style":"brands"},{"icon":"medrt","style":"brands"},{"icon":"meetup","style":"brands"},{"icon":"megaport","style":"brands"},{"icon":"memory","style":"solid"},{"icon":"mendeley","style":"brands"},{"icon":"menorah","style":"solid"},{"icon":"mercury","style":"solid"},{"icon":"message","style":"solid"},{"icon":"message","style":"regular"},{"icon":"meta","style":"brands"},{"icon":"meteor","style":"solid"},{"icon":"microblog","style":"brands"},{"icon":"microchip","style":"solid"},{"icon":"microphone","style":"solid"},{"icon":"microphone-lines","style":"solid"},{"icon":"microphone-lines-slash","style":"solid"},{"icon":"microphone-slash","style":"solid"},{"icon":"microscope","style":"solid"},{"icon":"microsoft","style":"brands"},{"icon":"mill-sign","style":"solid"},{"icon":"minimize","style":"solid"},{"icon":"minus","style":"solid"},{"icon":"mitten","style":"solid"},{"icon":"mix","style":"brands"},{"icon":"mixcloud","style":"brands"},{"icon":"mixer","style":"brands"},{"icon":"mizuni","style":"brands"},{"icon":"mobile","style":"solid"},{"icon":"mobile-button","style":"solid"},{"icon":"mobile-retro","style":"solid"},{"icon":"mobile-screen","style":"solid"},{"icon":"mobile-screen-button","style":"solid"},{"icon":"modx","style":"brands"},{"icon":"monero","style":"brands"},{"icon":"money-bill","style":"solid"},{"icon":"money-bill-1","style":"solid"},{"icon":"money-bill-1","style":"regular"},{"icon":"money-bill-1-wave","style":"solid"},{"icon":"money-bill-transfer","style":"solid"},{"icon":"money-bill-trend-up","style":"solid"},{"icon":"money-bill-wave","style":"solid"},{"icon":"money-bill-wheat","style":"solid"},{"icon":"money-bills","style":"solid"},{"icon":"money-check","style":"solid"},{"icon":"money-check-dollar","style":"solid"},{"icon":"monument","style":"solid"},{"icon":"moon","style":"solid"},{"icon":"moon","style":"regular"},{"icon":"mortar-pestle","style":"solid"},{"icon":"mosque","style":"solid"},{"icon":"mosquito","style":"solid"},{"icon":"mosquito-net","style":"solid"},{"icon":"motorcycle","style":"solid"},{"icon":"mound","style":"solid"},{"icon":"mountain","style":"solid"},{"icon":"mountain-city","style":"solid"},{"icon":"mountain-sun","style":"solid"},{"icon":"mug-hot","style":"solid"},{"icon":"mug-saucer","style":"solid"},{"icon":"music","style":"solid"},{"icon":"n","style":"solid"},{"icon":"naira-sign","style":"solid"},{"icon":"napster","style":"brands"},{"icon":"neos","style":"brands"},{"icon":"network-wired","style":"solid"},{"icon":"neuter","style":"solid"},{"icon":"newspaper","style":"solid"},{"icon":"newspaper","style":"regular"},{"icon":"nfc-directional","style":"brands"},{"icon":"nfc-symbol","style":"brands"},{"icon":"nimblr","style":"brands"},{"icon":"node","style":"brands"},{"icon":"node-js","style":"brands"},{"icon":"not-equal","style":"solid"},{"icon":"notdef","style":"solid"},{"icon":"note-sticky","style":"solid"},{"icon":"note-sticky","style":"regular"},{"icon":"notes-medical","style":"solid"},{"icon":"npm","style":"brands"},{"icon":"ns8","style":"brands"},{"icon":"nutritionix","style":"brands"},{"icon":"o","style":"solid"},{"icon":"object-group","style":"solid"},{"icon":"object-group","style":"regular"},{"icon":"object-ungroup","style":"solid"},{"icon":"object-ungroup","style":"regular"},{"icon":"octopus-deploy","style":"brands"},{"icon":"odnoklassniki","style":"brands"},{"icon":"odysee","style":"brands"},{"icon":"oil-can","style":"solid"},{"icon":"oil-well","style":"solid"},{"icon":"old-republic","style":"brands"},{"icon":"om","style":"solid"},{"icon":"opencart","style":"brands"},{"icon":"openid","style":"brands"},{"icon":"opera","style":"brands"},{"icon":"optin-monster","style":"brands"},{"icon":"orcid","style":"brands"},{"icon":"osi","style":"brands"},{"icon":"otter","style":"solid"},{"icon":"outdent","style":"solid"},{"icon":"p","style":"solid"},{"icon":"padlet","style":"brands"},{"icon":"page4","style":"brands"},{"icon":"pagelines","style":"brands"},{"icon":"pager","style":"solid"},{"icon":"paint-roller","style":"solid"},{"icon":"paintbrush","style":"solid"},{"icon":"palfed","style":"brands"},{"icon":"pallet","style":"solid"},{"icon":"panorama","style":"solid"},{"icon":"paper-plane","style":"solid"},{"icon":"paper-plane","style":"regular"},{"icon":"paperclip","style":"solid"},{"icon":"parachute-box","style":"solid"},{"icon":"paragraph","style":"solid"},{"icon":"passport","style":"solid"},{"icon":"paste","style":"solid"},{"icon":"paste","style":"regular"},{"icon":"patreon","style":"brands"},{"icon":"pause","style":"solid"},{"icon":"paw","style":"solid"},{"icon":"paypal","style":"brands"},{"icon":"peace","style":"solid"},{"icon":"pen","style":"solid"},{"icon":"pen-clip","style":"solid"},{"icon":"pen-fancy","style":"solid"},{"icon":"pen-nib","style":"solid"},{"icon":"pen-ruler","style":"solid"},{"icon":"pen-to-square","style":"regular"},{"icon":"people-arrows","style":"solid"},{"icon":"people-carry-box","style":"solid"},{"icon":"people-group","style":"solid"},{"icon":"people-line","style":"solid"},{"icon":"people-pulling","style":"solid"},{"icon":"people-robbery","style":"solid"},{"icon":"people-roof","style":"solid"},{"icon":"pepper-hot","style":"solid"},{"icon":"perbyte","style":"brands"},{"icon":"percent","style":"solid"},{"icon":"periscope","style":"brands"},{"icon":"person","style":"solid"},{"icon":"person-arrow-down-to-line","style":"solid"},{"icon":"person-arrow-up-from-line","style":"solid"},{"icon":"person-biking","style":"solid"},{"icon":"person-booth","style":"solid"},{"icon":"person-breastfeeding","style":"solid"},{"icon":"person-burst","style":"solid"},{"icon":"person-cane","style":"solid"},{"icon":"person-chalkboard","style":"solid"},{"icon":"person-circle-check","style":"solid"},{"icon":"person-circle-exclamation","style":"solid"},{"icon":"person-circle-minus","style":"solid"},{"icon":"person-circle-plus","style":"solid"},{"icon":"person-circle-question","style":"solid"},{"icon":"person-circle-xmark","style":"solid"},{"icon":"person-digging","style":"solid"},{"icon":"person-dots-from-line","style":"solid"},{"icon":"person-dress","style":"solid"},{"icon":"person-dress-burst","style":"solid"},{"icon":"person-drowning","style":"solid"},{"icon":"person-falling","style":"solid"},{"icon":"person-falling-burst","style":"solid"},{"icon":"person-half-dress","style":"solid"},{"icon":"person-harassing","style":"solid"},{"icon":"person-hiking","style":"solid"},{"icon":"person-military-pointing","style":"solid"},{"icon":"person-military-rifle","style":"solid"},{"icon":"person-military-to-person","style":"solid"},{"icon":"person-praying","style":"solid"},{"icon":"person-pregnant","style":"solid"},{"icon":"person-rays","style":"solid"},{"icon":"person-rifle","style":"solid"},{"icon":"person-running","style":"solid"},{"icon":"person-shelter","style":"solid"},{"icon":"person-skating","style":"solid"},{"icon":"person-skiing","style":"solid"},{"icon":"person-skiing-nordic","style":"solid"},{"icon":"person-snowboarding","style":"solid"},{"icon":"person-swimming","style":"solid"},{"icon":"person-through-window","style":"solid"},{"icon":"person-walking","style":"solid"},{"icon":"person-walking-arrow-loop-left","style":"solid"},{"icon":"person-walking-arrow-right","style":"solid"},{"icon":"person-walking-dashed-line-arrow-right","style":"solid"},{"icon":"person-walking-luggage","style":"solid"},{"icon":"person-walking-with-cane","style":"solid"},{"icon":"peseta-sign","style":"solid"},{"icon":"peso-sign","style":"solid"},{"icon":"phabricator","style":"brands"},{"icon":"phoenix-framework","style":"brands"},{"icon":"phoenix-squadron","style":"brands"},{"icon":"phone-flip","style":"solid"},{"icon":"phone-slash","style":"solid"},{"icon":"phone-volume","style":"solid"},{"icon":"photo-film","style":"solid"},{"icon":"php","style":"brands"},{"icon":"pied-piper","style":"brands"},{"icon":"pied-piper-alt","style":"brands"},{"icon":"pied-piper-hat","style":"brands"},{"icon":"pied-piper-pp","style":"brands"},{"icon":"piggy-bank","style":"solid"},{"icon":"pills","style":"solid"},{"icon":"pinterest","style":"brands"},{"icon":"pinterest-p","style":"brands"},{"icon":"pix","style":"brands"},{"icon":"pizza-slice","style":"solid"},{"icon":"place-of-worship","style":"solid"},{"icon":"plane","style":"solid"},{"icon":"plane-arrival","style":"solid"},{"icon":"plane-circle-check","style":"solid"},{"icon":"plane-circle-exclamation","style":"solid"},{"icon":"plane-circle-xmark","style":"solid"},{"icon":"plane-departure","style":"solid"},{"icon":"plane-lock","style":"solid"},{"icon":"plane-slash","style":"solid"},{"icon":"plane-up","style":"solid"},{"icon":"plant-wilt","style":"solid"},{"icon":"plate-wheat","style":"solid"},{"icon":"play","style":"solid"},{"icon":"playstation","style":"brands"},{"icon":"plug","style":"solid"},{"icon":"plug-circle-bolt","style":"solid"},{"icon":"plug-circle-check","style":"solid"},{"icon":"plug-circle-exclamation","style":"solid"},{"icon":"plug-circle-minus","style":"solid"},{"icon":"plug-circle-plus","style":"solid"},{"icon":"plug-circle-xmark","style":"solid"},{"icon":"plus","style":"solid"},{"icon":"plus-minus","style":"solid"},{"icon":"podcast","style":"solid"},{"icon":"poo","style":"solid"},{"icon":"poo-storm","style":"solid"},{"icon":"poop","style":"solid"},{"icon":"power-off","style":"solid"},{"icon":"prescription","style":"solid"},{"icon":"prescription-bottle","style":"solid"},{"icon":"prescription-bottle-medical","style":"solid"},{"icon":"print","style":"solid"},{"icon":"product-hunt","style":"brands"},{"icon":"pump-medical","style":"solid"},{"icon":"pump-soap","style":"solid"},{"icon":"pushed","style":"brands"},{"icon":"puzzle-piece","style":"solid"},{"icon":"python","style":"brands"},{"icon":"q","style":"solid"},{"icon":"qq","style":"brands"},{"icon":"qrcode","style":"solid"},{"icon":"question","style":"solid"},{"icon":"quinscape","style":"brands"},{"icon":"quora","style":"brands"},{"icon":"quote-left","style":"solid"},{"icon":"quote-right","style":"solid"},{"icon":"r","style":"solid"},{"icon":"r-project","style":"brands"},{"icon":"radiation","style":"solid"},{"icon":"radio","style":"solid"},{"icon":"rainbow","style":"solid"},{"icon":"ranking-star","style":"solid"},{"icon":"raspberry-pi","style":"brands"},{"icon":"ravelry","style":"brands"},{"icon":"react","style":"brands"},{"icon":"reacteurope","style":"brands"},{"icon":"readme","style":"brands"},{"icon":"rebel","style":"brands"},{"icon":"receipt","style":"solid"},{"icon":"record-vinyl","style":"solid"},{"icon":"rectangle-list","style":"solid"},{"icon":"rectangle-list","style":"regular"},{"icon":"rectangle-xmark","style":"solid"},{"icon":"rectangle-xmark","style":"regular"},{"icon":"recycle","style":"solid"},{"icon":"red-river","style":"brands"},{"icon":"reddit","style":"brands"},{"icon":"reddit-alien","style":"brands"},{"icon":"redhat","style":"brands"},{"icon":"registered","style":"solid"},{"icon":"registered","style":"regular"},{"icon":"renren","style":"brands"},{"icon":"repeat","style":"solid"},{"icon":"reply","style":"solid"},{"icon":"reply-all","style":"solid"},{"icon":"replyd","style":"brands"},{"icon":"republican","style":"solid"},{"icon":"researchgate","style":"brands"},{"icon":"resolving","style":"brands"},{"icon":"restroom","style":"solid"},{"icon":"retweet","style":"solid"},{"icon":"rev","style":"brands"},{"icon":"ribbon","style":"solid"},{"icon":"right-from-bracket","style":"solid"},{"icon":"right-left","style":"solid"},{"icon":"right-long","style":"solid"},{"icon":"right-to-bracket","style":"solid"},{"icon":"ring","style":"solid"},{"icon":"road","style":"solid"},{"icon":"road-barrier","style":"solid"},{"icon":"road-bridge","style":"solid"},{"icon":"road-circle-check","style":"solid"},{"icon":"road-circle-exclamation","style":"solid"},{"icon":"road-circle-xmark","style":"solid"},{"icon":"road-lock","style":"solid"},{"icon":"road-spikes","style":"solid"},{"icon":"robot","style":"solid"},{"icon":"rocket","style":"solid"},{"icon":"rocketchat","style":"brands"},{"icon":"rockrms","style":"brands"},{"icon":"rotate","style":"solid"},{"icon":"rotate-left","style":"solid"},{"icon":"rotate-right","style":"solid"},{"icon":"route","style":"solid"},{"icon":"rss","style":"solid"},{"icon":"ruble-sign","style":"solid"},{"icon":"rug","style":"solid"},{"icon":"ruler","style":"solid"},{"icon":"ruler-combined","style":"solid"},{"icon":"ruler-horizontal","style":"solid"},{"icon":"ruler-vertical","style":"solid"},{"icon":"rupee-sign","style":"solid"},{"icon":"rupiah-sign","style":"solid"},{"icon":"rust","style":"brands"},{"icon":"s","style":"solid"},{"icon":"sack-dollar","style":"solid"},{"icon":"sack-xmark","style":"solid"},{"icon":"safari","style":"brands"},{"icon":"sailboat","style":"solid"},{"icon":"salesforce","style":"brands"},{"icon":"sass","style":"brands"},{"icon":"satellite","style":"solid"},{"icon":"satellite-dish","style":"solid"},{"icon":"scale-balanced","style":"solid"},{"icon":"scale-unbalanced","style":"solid"},{"icon":"scale-unbalanced-flip","style":"solid"},{"icon":"schlix","style":"brands"},{"icon":"school","style":"solid"},{"icon":"school-circle-check","style":"solid"},{"icon":"school-circle-exclamation","style":"solid"},{"icon":"school-circle-xmark","style":"solid"},{"icon":"school-flag","style":"solid"},{"icon":"school-lock","style":"solid"},{"icon":"scissors","style":"solid"},{"icon":"screenpal","style":"brands"},{"icon":"screwdriver","style":"solid"},{"icon":"screwdriver-wrench","style":"solid"},{"icon":"scribd","style":"brands"},{"icon":"scroll","style":"solid"},{"icon":"scroll-torah","style":"solid"},{"icon":"sd-card","style":"solid"},{"icon":"searchengin","style":"brands"},{"icon":"section","style":"solid"},{"icon":"seedling","style":"solid"},{"icon":"sellcast","style":"brands"},{"icon":"sellsy","style":"brands"},{"icon":"server","style":"solid"},{"icon":"servicestack","style":"brands"},{"icon":"shapes","style":"solid"},{"icon":"share","style":"solid"},{"icon":"share-from-square","style":"solid"},{"icon":"share-from-square","style":"regular"},{"icon":"share-nodes","style":"solid"},{"icon":"sheet-plastic","style":"solid"},{"icon":"shekel-sign","style":"solid"},{"icon":"shield","style":"solid"},{"icon":"shield-cat","style":"solid"},{"icon":"shield-dog","style":"solid"},{"icon":"shield-heart","style":"solid"},{"icon":"shield-virus","style":"solid"},{"icon":"ship","style":"solid"},{"icon":"shirt","style":"solid"},{"icon":"shirtsinbulk","style":"brands"},{"icon":"shoe-prints","style":"solid"},{"icon":"shop","style":"solid"},{"icon":"shop-lock","style":"solid"},{"icon":"shop-slash","style":"solid"},{"icon":"shopify","style":"brands"},{"icon":"shopware","style":"brands"},{"icon":"shower","style":"solid"},{"icon":"shrimp","style":"solid"},{"icon":"shuffle","style":"solid"},{"icon":"shuttle-space","style":"solid"},{"icon":"sign-hanging","style":"solid"},{"icon":"signal","style":"solid"},{"icon":"signature","style":"solid"},{"icon":"signs-post","style":"solid"},{"icon":"sim-card","style":"solid"},{"icon":"simplybuilt","style":"brands"},{"icon":"sink","style":"solid"},{"icon":"sistrix","style":"brands"},{"icon":"sitemap","style":"solid"},{"icon":"sith","style":"brands"},{"icon":"sitrox","style":"brands"},{"icon":"sketch","style":"brands"},{"icon":"skull","style":"solid"},{"icon":"skull-crossbones","style":"solid"},{"icon":"skyatlas","style":"brands"},{"icon":"skype","style":"brands"},{"icon":"slack","style":"brands"},{"icon":"slash","style":"solid"},{"icon":"sleigh","style":"solid"},{"icon":"sliders","style":"solid"},{"icon":"slideshare","style":"brands"},{"icon":"smog","style":"solid"},{"icon":"smoking","style":"solid"},{"icon":"snapchat","style":"brands"},{"icon":"snowflake","style":"solid"},{"icon":"snowflake","style":"regular"},{"icon":"snowman","style":"solid"},{"icon":"snowplow","style":"solid"},{"icon":"soap","style":"solid"},{"icon":"socks","style":"solid"},{"icon":"solar-panel","style":"solid"},{"icon":"sort","style":"solid"},{"icon":"sort-down","style":"solid"},{"icon":"sort-up","style":"solid"},{"icon":"soundcloud","style":"brands"},{"icon":"sourcetree","style":"brands"},{"icon":"spa","style":"solid"},{"icon":"space-awesome","style":"brands"},{"icon":"spaghetti-monster-flying","style":"solid"},{"icon":"speakap","style":"brands"},{"icon":"speaker-deck","style":"brands"},{"icon":"spell-check","style":"solid"},{"icon":"spider","style":"solid"},{"icon":"spinner","style":"solid"},{"icon":"splotch","style":"solid"},{"icon":"spoon","style":"solid"},{"icon":"spotify","style":"brands"},{"icon":"spray-can","style":"solid"},{"icon":"spray-can-sparkles","style":"solid"},{"icon":"square","style":"solid"},{"icon":"square","style":"regular"},{"icon":"square-arrow-up-right","style":"solid"},{"icon":"square-behance","style":"brands"},{"icon":"square-caret-down","style":"solid"},{"icon":"square-caret-down","style":"regular"},{"icon":"square-caret-left","style":"solid"},{"icon":"square-caret-left","style":"regular"},{"icon":"square-caret-right","style":"solid"},{"icon":"square-caret-right","style":"regular"},{"icon":"square-caret-up","style":"solid"},{"icon":"square-caret-up","style":"regular"},{"icon":"square-check","style":"solid"},{"icon":"square-check","style":"regular"},{"icon":"square-dribbble","style":"brands"},{"icon":"square-envelope","style":"solid"},{"icon":"square-facebook","style":"brands"},{"icon":"square-font-awesome","style":"brands"},{"icon":"square-font-awesome-stroke","style":"brands"},{"icon":"square-full","style":"solid"},{"icon":"square-full","style":"regular"},{"icon":"square-git","style":"brands"},{"icon":"square-github","style":"brands"},{"icon":"square-gitlab","style":"brands"},{"icon":"square-google-plus","style":"brands"},{"icon":"square-h","style":"solid"},{"icon":"square-hacker-news","style":"brands"},{"icon":"square-instagram","style":"brands"},{"icon":"square-js","style":"brands"},{"icon":"square-lastfm","style":"brands"},{"icon":"square-minus","style":"solid"},{"icon":"square-minus","style":"regular"},{"icon":"square-nfi","style":"solid"},{"icon":"square-odnoklassniki","style":"brands"},{"icon":"square-parking","style":"solid"},{"icon":"square-pen","style":"solid"},{"icon":"square-person-confined","style":"solid"},{"icon":"square-phone","style":"solid"},{"icon":"square-phone-flip","style":"solid"},{"icon":"square-pied-piper","style":"brands"},{"icon":"square-pinterest","style":"brands"},{"icon":"square-plus","style":"solid"},{"icon":"square-plus","style":"regular"},{"icon":"square-poll-horizontal","style":"solid"},{"icon":"square-poll-vertical","style":"solid"},{"icon":"square-reddit","style":"brands"},{"icon":"square-root-variable","style":"solid"},{"icon":"square-rss","style":"solid"},{"icon":"square-share-nodes","style":"solid"},{"icon":"square-snapchat","style":"brands"},{"icon":"square-steam","style":"brands"},{"icon":"square-tumblr","style":"brands"},{"icon":"square-twitter","style":"brands"},{"icon":"square-up-right","style":"solid"},{"icon":"square-viadeo","style":"brands"},{"icon":"square-vimeo","style":"brands"},{"icon":"square-virus","style":"solid"},{"icon":"square-whatsapp","style":"brands"},{"icon":"square-xing","style":"brands"},{"icon":"square-xmark","style":"solid"},{"icon":"square-youtube","style":"brands"},{"icon":"squarespace","style":"brands"},{"icon":"stack-exchange","style":"brands"},{"icon":"stack-overflow","style":"brands"},{"icon":"stackpath","style":"brands"},{"icon":"staff-snake","style":"solid"},{"icon":"stairs","style":"solid"},{"icon":"stamp","style":"solid"},{"icon":"stapler","style":"solid"},{"icon":"star","style":"solid"},{"icon":"star-and-crescent","style":"solid"},{"icon":"star-half","style":"solid"},{"icon":"star-half","style":"regular"},{"icon":"star-half-stroke","style":"solid"},{"icon":"star-half-stroke","style":"regular"},{"icon":"star-of-david","style":"solid"},{"icon":"star-of-life","style":"solid"},{"icon":"staylinked","style":"brands"},{"icon":"steam","style":"brands"},{"icon":"steam-symbol","style":"brands"},{"icon":"sterling-sign","style":"solid"},{"icon":"stethoscope","style":"solid"},{"icon":"sticker-mule","style":"brands"},{"icon":"stop","style":"solid"},{"icon":"stopwatch","style":"solid"},{"icon":"stopwatch-20","style":"solid"},{"icon":"store","style":"solid"},{"icon":"store-slash","style":"solid"},{"icon":"strava","style":"brands"},{"icon":"street-view","style":"solid"},{"icon":"strikethrough","style":"solid"},{"icon":"stripe","style":"brands"},{"icon":"stripe-s","style":"brands"},{"icon":"stroopwafel","style":"solid"},{"icon":"stubber","style":"brands"},{"icon":"studiovinari","style":"brands"},{"icon":"stumbleupon","style":"brands"},{"icon":"stumbleupon-circle","style":"brands"},{"icon":"subscript","style":"solid"},{"icon":"suitcase","style":"solid"},{"icon":"suitcase-medical","style":"solid"},{"icon":"suitcase-rolling","style":"solid"},{"icon":"sun","style":"solid"},{"icon":"sun","style":"regular"},{"icon":"sun-plant-wilt","style":"solid"},{"icon":"superpowers","style":"brands"},{"icon":"superscript","style":"solid"},{"icon":"supple","style":"brands"},{"icon":"suse","style":"brands"},{"icon":"swatchbook","style":"solid"},{"icon":"swift","style":"brands"},{"icon":"symfony","style":"brands"},{"icon":"synagogue","style":"solid"},{"icon":"syringe","style":"solid"},{"icon":"t","style":"solid"},{"icon":"table","style":"solid"},{"icon":"table-cells","style":"solid"},{"icon":"table-cells-large","style":"solid"},{"icon":"table-columns","style":"solid"},{"icon":"table-list","style":"solid"},{"icon":"table-tennis-paddle-ball","style":"solid"},{"icon":"tablet","style":"solid"},{"icon":"tablet-button","style":"solid"},{"icon":"tablet-screen-button","style":"solid"},{"icon":"tablets","style":"solid"},{"icon":"tachograph-digital","style":"solid"},{"icon":"tag","style":"solid"},{"icon":"tags","style":"solid"},{"icon":"tape","style":"solid"},{"icon":"tarp","style":"solid"},{"icon":"tarp-droplet","style":"solid"},{"icon":"taxi","style":"solid"},{"icon":"teamspeak","style":"brands"},{"icon":"teeth","style":"solid"},{"icon":"teeth-open","style":"solid"},{"icon":"telegram","style":"brands"},{"icon":"temperature-arrow-down","style":"solid"},{"icon":"temperature-arrow-up","style":"solid"},{"icon":"temperature-empty","style":"solid"},{"icon":"temperature-full","style":"solid"},{"icon":"temperature-half","style":"solid"},{"icon":"temperature-high","style":"solid"},{"icon":"temperature-low","style":"solid"},{"icon":"temperature-quarter","style":"solid"},{"icon":"temperature-three-quarters","style":"solid"},{"icon":"tencent-weibo","style":"brands"},{"icon":"tenge-sign","style":"solid"},{"icon":"tent","style":"solid"},{"icon":"tent-arrow-down-to-line","style":"solid"},{"icon":"tent-arrow-left-right","style":"solid"},{"icon":"tent-arrow-turn-left","style":"solid"},{"icon":"tent-arrows-down","style":"solid"},{"icon":"tents","style":"solid"},{"icon":"terminal","style":"solid"},{"icon":"text-height","style":"solid"},{"icon":"text-slash","style":"solid"},{"icon":"text-width","style":"solid"},{"icon":"the-red-yeti","style":"brands"},{"icon":"themeco","style":"brands"},{"icon":"themeisle","style":"brands"},{"icon":"thermometer","style":"solid"},{"icon":"think-peaks","style":"brands"},{"icon":"thumbs-down","style":"solid"},{"icon":"thumbs-down","style":"regular"},{"icon":"thumbs-up","style":"solid"},{"icon":"thumbs-up","style":"regular"},{"icon":"thumbtack","style":"solid"},{"icon":"ticket","style":"solid"},{"icon":"ticket-simple","style":"solid"},{"icon":"tiktok","style":"brands"},{"icon":"timeline","style":"solid"},{"icon":"toggle-off","style":"solid"},{"icon":"toggle-on","style":"solid"},{"icon":"toilet","style":"solid"},{"icon":"toilet-paper","style":"solid"},{"icon":"toilet-paper-slash","style":"solid"},{"icon":"toilet-portable","style":"solid"},{"icon":"toilets-portable","style":"solid"},{"icon":"toolbox","style":"solid"},{"icon":"tooth","style":"solid"},{"icon":"torii-gate","style":"solid"},{"icon":"tornado","style":"solid"},{"icon":"tower-broadcast","style":"solid"},{"icon":"tower-cell","style":"solid"},{"icon":"tower-observation","style":"solid"},{"icon":"tractor","style":"solid"},{"icon":"trade-federation","style":"brands"},{"icon":"trademark","style":"solid"},{"icon":"traffic-light","style":"solid"},{"icon":"trailer","style":"solid"},{"icon":"train","style":"solid"},{"icon":"train-subway","style":"solid"},{"icon":"train-tram","style":"solid"},{"icon":"transgender","style":"solid"},{"icon":"trash","style":"solid"},{"icon":"trash-arrow-up","style":"solid"},{"icon":"trash-can","style":"solid"},{"icon":"trash-can","style":"regular"},{"icon":"trash-can-arrow-up","style":"solid"},{"icon":"tree","style":"solid"},{"icon":"tree-city","style":"solid"},{"icon":"trello","style":"brands"},{"icon":"triangle-exclamation","style":"solid"},{"icon":"trophy","style":"solid"},{"icon":"trowel","style":"solid"},{"icon":"trowel-bricks","style":"solid"},{"icon":"truck","style":"solid"},{"icon":"truck-arrow-right","style":"solid"},{"icon":"truck-droplet","style":"solid"},{"icon":"truck-fast","style":"solid"},{"icon":"truck-field","style":"solid"},{"icon":"truck-field-un","style":"solid"},{"icon":"truck-front","style":"solid"},{"icon":"truck-medical","style":"solid"},{"icon":"truck-monster","style":"solid"},{"icon":"truck-moving","style":"solid"},{"icon":"truck-pickup","style":"solid"},{"icon":"truck-plane","style":"solid"},{"icon":"truck-ramp-box","style":"solid"},{"icon":"tty","style":"solid"},{"icon":"tumblr","style":"brands"},{"icon":"turkish-lira-sign","style":"solid"},{"icon":"turn-down","style":"solid"},{"icon":"turn-up","style":"solid"},{"icon":"tv","style":"solid"},{"icon":"twitch","style":"brands"},{"icon":"twitter","style":"brands"},{"icon":"typo3","style":"brands"},{"icon":"u","style":"solid"},{"icon":"uber","style":"brands"},{"icon":"ubuntu","style":"brands"},{"icon":"uikit","style":"brands"},{"icon":"umbraco","style":"brands"},{"icon":"umbrella","style":"solid"},{"icon":"umbrella-beach","style":"solid"},{"icon":"uncharted","style":"brands"},{"icon":"underline","style":"solid"},{"icon":"uniregistry","style":"brands"},{"icon":"unity","style":"brands"},{"icon":"universal-access","style":"solid"},{"icon":"unlock","style":"solid"},{"icon":"unlock-keyhole","style":"solid"},{"icon":"unsplash","style":"brands"},{"icon":"untappd","style":"brands"},{"icon":"up-down","style":"solid"},{"icon":"up-down-left-right","style":"solid"},{"icon":"up-long","style":"solid"},{"icon":"up-right-and-down-left-from-center","style":"solid"},{"icon":"up-right-from-square","style":"solid"},{"icon":"upload","style":"solid"},{"icon":"ups","style":"brands"},{"icon":"usb","style":"brands"},{"icon":"user","style":"solid"},{"icon":"user","style":"regular"},{"icon":"user-astronaut","style":"solid"},{"icon":"user-check","style":"solid"},{"icon":"user-clock","style":"solid"},{"icon":"user-doctor","style":"solid"},{"icon":"user-gear","style":"solid"},{"icon":"user-graduate","style":"solid"},{"icon":"user-group","style":"solid"},{"icon":"user-injured","style":"solid"},{"icon":"user-large","style":"solid"},{"icon":"user-large-slash","style":"solid"},{"icon":"user-lock","style":"solid"},{"icon":"user-minus","style":"solid"},{"icon":"user-ninja","style":"solid"},{"icon":"user-nurse","style":"solid"},{"icon":"user-pen","style":"solid"},{"icon":"user-plus","style":"solid"},{"icon":"user-secret","style":"solid"},{"icon":"user-shield","style":"solid"},{"icon":"user-slash","style":"solid"},{"icon":"user-tag","style":"solid"},{"icon":"user-tie","style":"solid"},{"icon":"user-xmark","style":"solid"},{"icon":"users","style":"solid"},{"icon":"users-between-lines","style":"solid"},{"icon":"users-gear","style":"solid"},{"icon":"users-line","style":"solid"},{"icon":"users-rays","style":"solid"},{"icon":"users-rectangle","style":"solid"},{"icon":"users-slash","style":"solid"},{"icon":"users-viewfinder","style":"solid"},{"icon":"usps","style":"brands"},{"icon":"ussunnah","style":"brands"},{"icon":"utensils","style":"solid"},{"icon":"v","style":"solid"},{"icon":"vaadin","style":"brands"},{"icon":"van-shuttle","style":"solid"},{"icon":"vault","style":"solid"},{"icon":"vector-square","style":"solid"},{"icon":"venus","style":"solid"},{"icon":"venus-double","style":"solid"},{"icon":"venus-mars","style":"solid"},{"icon":"vest","style":"solid"},{"icon":"vest-patches","style":"solid"},{"icon":"viacoin","style":"brands"},{"icon":"viadeo","style":"brands"},{"icon":"vial","style":"solid"},{"icon":"vial-circle-check","style":"solid"},{"icon":"vial-virus","style":"solid"},{"icon":"vials","style":"solid"},{"icon":"viber","style":"brands"},{"icon":"video","style":"solid"},{"icon":"video-slash","style":"solid"},{"icon":"vihara","style":"solid"},{"icon":"vimeo","style":"brands"},{"icon":"vimeo-v","style":"brands"},{"icon":"vine","style":"brands"},{"icon":"virus","style":"solid"},{"icon":"virus-covid","style":"solid"},{"icon":"virus-covid-slash","style":"solid"},{"icon":"virus-slash","style":"solid"},{"icon":"viruses","style":"solid"},{"icon":"vk","style":"brands"},{"icon":"vnv","style":"brands"},{"icon":"voicemail","style":"solid"},{"icon":"volcano","style":"solid"},{"icon":"volleyball","style":"solid"},{"icon":"volume-high","style":"solid"},{"icon":"volume-low","style":"solid"},{"icon":"volume-off","style":"solid"},{"icon":"volume-xmark","style":"solid"},{"icon":"vr-cardboard","style":"solid"},{"icon":"vuejs","style":"brands"},{"icon":"w","style":"solid"},{"icon":"walkie-talkie","style":"solid"},{"icon":"wallet","style":"solid"},{"icon":"wand-magic","style":"solid"},{"icon":"wand-magic-sparkles","style":"solid"},{"icon":"wand-sparkles","style":"solid"},{"icon":"warehouse","style":"solid"},{"icon":"watchman-monitoring","style":"brands"},{"icon":"water","style":"solid"},{"icon":"water-ladder","style":"solid"},{"icon":"wave-square","style":"solid"},{"icon":"waze","style":"brands"},{"icon":"weebly","style":"brands"},{"icon":"weibo","style":"brands"},{"icon":"weight-hanging","style":"solid"},{"icon":"weight-scale","style":"solid"},{"icon":"weixin","style":"brands"},{"icon":"whatsapp","style":"brands"},{"icon":"wheat-awn","style":"solid"},{"icon":"wheat-awn-circle-exclamation","style":"solid"},{"icon":"wheelchair","style":"solid"},{"icon":"wheelchair-move","style":"solid"},{"icon":"whiskey-glass","style":"solid"},{"icon":"whmcs","style":"brands"},{"icon":"wifi","style":"solid"},{"icon":"wikipedia-w","style":"brands"},{"icon":"wind","style":"solid"},{"icon":"window-maximize","style":"solid"},{"icon":"window-maximize","style":"regular"},{"icon":"window-minimize","style":"solid"},{"icon":"window-minimize","style":"regular"},{"icon":"window-restore","style":"solid"},{"icon":"window-restore","style":"regular"},{"icon":"windows","style":"brands"},{"icon":"wine-bottle","style":"solid"},{"icon":"wine-glass","style":"solid"},{"icon":"wine-glass-empty","style":"solid"},{"icon":"wirsindhandwerk","style":"brands"},{"icon":"wix","style":"brands"},{"icon":"wizards-of-the-coast","style":"brands"},{"icon":"wodu","style":"brands"},{"icon":"wolf-pack-battalion","style":"brands"},{"icon":"won-sign","style":"solid"},{"icon":"wordpress","style":"brands"},{"icon":"wordpress-simple","style":"brands"},{"icon":"worm","style":"solid"},{"icon":"wpbeginner","style":"brands"},{"icon":"wpexplorer","style":"brands"},{"icon":"wpforms","style":"brands"},{"icon":"wpressr","style":"brands"},{"icon":"wrench","style":"solid"},{"icon":"x","style":"solid"},{"icon":"x-ray","style":"solid"},{"icon":"xbox","style":"brands"},{"icon":"xing","style":"brands"},{"icon":"xmark","style":"solid"},{"icon":"xmarks-lines","style":"solid"},{"icon":"y","style":"solid"},{"icon":"y-combinator","style":"brands"},{"icon":"yahoo","style":"brands"},{"icon":"yammer","style":"brands"},{"icon":"yandex","style":"brands"},{"icon":"yandex-international","style":"brands"},{"icon":"yarn","style":"brands"},{"icon":"yelp","style":"brands"},{"icon":"yen-sign","style":"solid"},{"icon":"yin-yang","style":"solid"},{"icon":"yoast","style":"brands"},{"icon":"youtube","style":"brands"},{"icon":"z","style":"solid"},{"icon":"zhihu","style":"brands"}]