{
	"settings": {
		"appearanceTools": true,
		"color": {
			"background": true,
			"custom": true,
			"customDuotone": true,
			"customGradient": true,
			"defaultDuotone": false,
			"defaultGradients": false,
			"defaultPalette": false,
			"duotone": [],
			"gradients": [],
			"palette": [
				{
					"color": "#000000",
					"name": "Base",
					"slug": "base"
				},
				{
					"color": "#ffffff",
					"name": "Contrast",
					"slug": "contrast"
				},
				{
					"color": "#757575",
					"name": "Primary",
					"slug": "primary"
				}
			],
			"text": true
		},
		"layout": {
			"contentSize": "640px",
			"wideSize": "1304px"
		},
		"shadow": {
			"defaultPresets": true,
			"presets": []
		},
		"spacing": {
			"customSpacingSize": true,
			"spacingScale": {
				"steps": 0
			},
			"spacingSizes": [
				{
					"name": "1",
					"size": "0.25rem",
					"slug": "30"
				},
				{
					"name": "2",
					"size": "0.75rem",
					"slug": "40"
				},
				{
					"name": "3",
					"size": "1.5rem",
					"slug": "50"
				},
				{
					"name": "4",
					"size": "2.25rem",
					"slug": "60"
				},
				{
					"name": "5",
					"size": "3rem",
					"slug": "70"
				},
				{
					"name": "6",
					"size": "4.5rem",
					"slug": "80"
				}
			],
			"units": [
				"%",
				"px",
				"em",
				"rem",
				"vh",
				"vw"
			]
		},
		"typography": {
			"customFontSize": true,
			"dropCap": true,
			"fluid": true,
			"fontFamilies": [
				{
					"fontFace": [
						{
							"fontFamily": "Inter",
							"fontStyle": "normal",
							"fontWeight": "100 900",
							"src": [
								"file:./assets/fonts/inter_normal_100 900.woff2"
							]
						},
						{
							"fontFamily": "Inter",
							"fontStyle": "italic",
							"fontWeight": "100 900",
							"src": [
								"file:./assets/fonts/inter_italic_100 900.woff2"
							]
						}
					],
					"fontFamily": "Inter",
					"slug": "inter"
				}
			],
			"fontSizes": [
				{
					"fluid": true,
					"name": "Extra Small",
					"size": "0.694rem",
					"slug": "x-small"
				},
				{
					"fluid": true,
					"name": "Small",
					"size": "0.833rem",
					"slug": "small"
				},
				{
					"fluid": true,
					"name": "Medium",
					"size": "1rem",
					"slug": "medium"
				},
				{
					"fluid": true,
					"name": "Large",
					"size": "1.2rem",
					"slug": "large"
				},
				{
					"fluid": true,
					"name": "Extra Large",
					"size": "1.44rem",
					"slug": "x-large"
				},
				{
					"fluid": true,
					"name": "Double Extra Large",
					"size": "1.728rem",
					"slug": "xx-large"
				},
				{
					"fluid": {
						"max": "15.407rem",
						"min": "3.583rem"
					},
					"name": "Huge",
					"size": "22.186rem",
					"slug": "huge"
				}
			],
			"fontStyle": true,
			"fontWeight": true,
			"letterSpacing": true,
			"textDecoration": true,
			"textTransform": true
		},
		"useRootPaddingAwareAlignments": true
	},
	"styles": {
		"blocks": {
			"core/archives": {
				"elements": {
					"link": {
						":hover": {
							"typography": {
								"textDecoration": "underline"
							}
						},
						"typography": {
							"textDecoration": "none"
						}
					}
				},
				"spacing": {
					"padding": {
						"left": "var(--wp--preset--spacing--40)"
					}
				}
			},
			"core/avatar": {
				"border": {
					"radius": "999px"
				}
			},
			"core/button": {
				"variations": {
					"outline": {
						"border": {
							"width": "1px"
						},
						"spacing": {
							"padding": {
								"bottom": "calc(1rem - 1px)",
								"left": "calc(1.75rem - 1px)",
								"right": "calc(1.75rem - 1px)",
								"top": "calc(1.125rem - 1px)"
							}
						}
					}
				}
			},
			"core/buttons": {
				"spacing": {
					"blockGap": "var(--wp--preset--spacing--40)"
				}
			},
			"core/calendar": {
				"css": ".wp-block-calendar table:where(:not(.has-text-color)) {color: var(--wp--preset--color--contrast);} &.wp-block-calendar table:where(:not(.has-text-color)) td {border-color: var(--wp--preset--color--contrast);} &.wp-block-calendar table:where(:not(.has-text-color)) th {border-color: var(--wp--preset--color--contrast);} & :where(.wp-block-calendar table:not(.has-background) th) {background-color: var(--wp--preset--color--contrast);color: var(--wp--preset--color--base);}"
			},
			"core/categories": {
				"elements": {
					"link": {
						":hover": {
							"typography": {
								"textDecoration": "underline"
							}
						},
						"typography": {
							"textDecoration": "none"
						}
					}
				},
				"spacing": {
					"padding": {
						"left": "var(--wp--preset--spacing--40)"
					}
				}
			},
			"core/code": {
				"border": {
					"color": "var(--wp--preset--color--contrast)",
					"radius": "0",
					"style": "solid",
					"width": "1px"
				},
				"spacing": {
					"padding": {
						"bottom": "var(--wp--preset--spacing--40)",
						"left": "var(--wp--preset--spacing--40)",
						"right": "var(--wp--preset--spacing--40)",
						"top": "var(--wp--preset--spacing--40)"
					}
				},
				"typography": {
					"fontFamily": "monospace"
				}
			},
			"core/comment-author-name": {
				"elements": {
					"link": {
						":hover": {
							"typography": {
								"textDecoration": "underline"
							}
						},
						"typography": {
							"textDecoration": "none"
						}
					}
				},
				"typography": {
					"fontSize": "var(--wp--preset--font-size--small)"
				}
			},
			"core/comment-date": {
				"elements": {
					"link": {
						":hover": {
							"typography": {
								"textDecoration": "underline"
							}
						},
						"typography": {
							"textDecoration": "none"
						}
					}
				},
				"typography": {
					"fontSize": "var(--wp--preset--font-size--small)"
				}
			},
			"core/comment-edit-link": {
				"elements": {
					"link": {
						":hover": {
							"typography": {
								"textDecoration": "underline"
							}
						},
						"typography": {
							"textDecoration": "none"
						}
					}
				},
				"typography": {
					"fontSize": "var(--wp--preset--font-size--small)"
				}
			},
			"core/comment-reply-link": {
				"elements": {
					"link": {
						"border": {
							"color": "var(--wp--preset--color--contrast)",
							"radius": "2px",
							"style": "solid",
							"width": "1px"
						},
						"spacing": {
							"padding": "0.125rem 0.5rem"
						},
						"typography": {
							"textDecoration": "none"
						}
					}
				},
				"typography": {
					"fontSize": "var(--wp--preset--font-size--x-small)",
					"fontWeight": "400",
					"letterSpacing": "0.04em",
					"textTransform": "uppercase"
				}
			},
			"core/comments-pagination": {
				"elements": {
					"link": {
						":hover": {
							"typography": {
								"textDecoration": "underline"
							}
						},
						"typography": {
							"fontSize": "var(--wp--preset--font-size--small)",
							"textDecoration": "none"
						}
					}
				}
			},
			"core/comments-title": {
				"spacing": {
					"margin": {
						"bottom": "0px",
						"top": "var(--wp--preset--spacing--50)"
					}
				},
				"typography": {
					"fontSize": "var(--wp--preset--font-size--large)"
				}
			},
			"core/cover": {
				"spacing": {
					"padding": {
						"bottom": "var(--wp--preset--spacing--50)",
						"left": "var(--wp--preset--spacing--50)",
						"right": "var(--wp--preset--spacing--50)",
						"top": "var(--wp--preset--spacing--50)"
					}
				}
			},
			"core/image": {
				"css": " .wp-element-caption{text-align:center;}"
			},
			"core/latest-comments": {
				"css": " .wp-block-latest-comments__comment-meta{font-size: inherit;} & .wp-block-latest-comments__comment-date{font-size: inherit;} & .wp-block-latest-comments__comment-excerpt p{font-size: inherit;} & .wp-block-latest-comments__comment-excerpt p{margin:0 0 var(--wp--style--block-gap)} &:where(.wp-block-latest-comments:not([style*=line-height] .wp-block-latest-comments__comment-excerpt p)){line-height:calc(1em + 0.375rem);}",
				"elements": {
					"link": {
						":hover": {
							"typography": {
								"textDecoration": "underline"
							}
						},
						"typography": {
							"textDecoration": "none"
						}
					}
				},
				"spacing": {
					"padding": {
						"left": "0px"
					}
				}
			},
			"core/latest-posts": {
				"css": ".wp-block-latest-posts .wp-block-latest-posts__post-author{font-size: inherit;} & .wp-block-latest-posts__post-date{font-size: inherit;} & .wp-block-latest-posts__post-excerpt{margin:0 0 var(--wp--style--block-gap)} & .wp-block-latest-posts__post-title{text-decoration: none;}",
				"elements": {
					"link": {
						":hover": {
							"typography": {
								"textDecoration": "underline"
							}
						},
						"typography": {
							"textDecoration": "none"
						}
					}
				}
			},
			"core/list": {
				"spacing": {
					"padding": {
						"left": "var(--wp--preset--spacing--40)"
					}
				}
			},
			"core/loginout": {
				"elements": {
					"link": {
						":hover": {
							"typography": {
								"textDecoration": "underline"
							}
						},
						"typography": {
							"textDecoration": "none"
						}
					}
				}
			},
			"core/navigation": {
				"css": ".wp-block-navigation:not(.has-background) .wp-block-navigation__submenu-container {border-color:var(--wp--preset--color--contrast);} .wp-block-navigation__submenu-container.has-background {padding:0;}",
				"elements": {
					"link": {
						":hover": {
							"typography": {
								"textDecoration": "underline"
							}
						},
						"typography": {
							"textDecoration": "none"
						}
					}
				},
				"typography": {
					"fontSize": "var(--wp--preset--font-size--small)"
				}
			},
			"core/page-list": {
				"elements": {
					"link": {
						":hover": {
							"typography": {
								"textDecoration": "underline"
							}
						},
						"typography": {
							"textDecoration": "none"
						}
					}
				}
			},
			"core/paragraph": {
				"typography": {
					"lineHeight": "calc(1em + 0.5rem)"
				}
			},
			"core/post-author": {
				"css": "& .wp-block-post-author__byline{font-size:inherit;}&.wp-block-post-author .wp-block-post-author__name a{text-decoration:none;}&.wp-block-post-author .wp-block-post-author__bio{font-size:inherit;margin:0;}& .wp-block-post-author__avatar img{border-radius: 999px;vertical-align:middle;}",
				"elements": {
					"link": {
						":hover": {
							"typography": {
								"textDecoration": "underline"
							}
						},
						"typography": {
							"textDecoration": "none"
						}
					}
				},
				"typography": {
					"fontSize": "var(--wp--preset--font-size--small)"
				}
			},
			"core/post-author-name": {
				"elements": {
					"link": {
						":hover": {
							"typography": {
								"textDecoration": "underline"
							}
						},
						"typography": {
							"textDecoration": "none"
						}
					}
				},
				"typography": {
					"fontSize": "var(--wp--preset--font-size--small)"
				}
			},
			"core/post-comments-count": {
				"elements": {
					"link": {
						":hover": {
							"typography": {
								"textDecoration": "underline"
							}
						},
						"typography": {
							"textDecoration": "none"
						}
					}
				},
				"typography": {
					"fontSize": "var(--wp--preset--font-size--small)"
				}
			},
			"core/post-comments-form": {
				"css": "&.comment-form input:not([type=submit]):not([type=checkbox]){line-height: inherit;} & .comment-form textarea{line-height: inherit;} & .comment-form > *{margin-top:var(--wp--style--block-gap);margin-bottom:0}"
			},
			"core/post-comments-link": {
				"elements": {
					"link": {
						":hover": {
							"typography": {
								"textDecoration": "underline"
							}
						},
						"typography": {
							"textDecoration": "none"
						}
					}
				},
				"typography": {
					"fontSize": "var(--wp--preset--font-size--small)"
				}
			},
			"core/post-content": {
				"elements": {
					"heading": {
						"spacing": {
							"margin": {
								"bottom": "var(--wp--preset--spacing--50)",
								"top": "var(--wp--preset--spacing--60)"
							}
						}
					}
				}
			},
			"core/post-date": {
				"elements": {
					"link": {
						":hover": {
							"typography": {
								"textDecoration": "underline"
							}
						},
						"typography": {
							"textDecoration": "none"
						}
					}
				},
				"typography": {
					"fontSize": "var(--wp--preset--font-size--small)"
				}
			},
			"core/post-excerpt": {
				"css": ".wp-block-post-excerpt .wp-block-post-excerpt__excerpt{line-height: inherit;}"
			},
			"core/post-navigation-link": {
				"elements": {
					"link": {
						":hover": {
							"typography": {
								"textDecoration": "underline"
							}
						},
						"typography": {
							"textDecoration": "none"
						}
					}
				}
			},
			"core/post-terms": {
				"elements": {
					"link": {
						":hover": {
							"typography": {
								"textDecoration": "underline"
							}
						},
						"typography": {
							"textDecoration": "none"
						}
					}
				},
				"typography": {
					"fontSize": "var(--wp--preset--font-size--small)"
				}
			},
			"core/post-time-to-read": {
				"typography": {
					"fontSize": "var(--wp--preset--font-size--small)"
				}
			},
			"core/post-title": {
				"elements": {
					"link": {
						":hover": {
							"typography": {
								"textDecoration": "underline"
							}
						},
						"typography": {
							"textDecoration": "none"
						}
					}
				},
				"typography": {
					"fontSize": "var(--wp--preset--font-size--xx-large)"
				}
			},
			"core/pullquote": {
				"border": {
					"color": "var(--wp--preset--color--contrast)",
					"style": "solid",
					"width": "1px 0"
				},
				"css": ".wp-block-pullquote cite {display:block;margin-top: var(--wp--preset--spacing--50)}",
				"spacing": {
					"padding": {
						"bottom": "var(--wp--preset--spacing--50)",
						"left": "var(--wp--preset--spacing--50)",
						"right": "var(--wp--preset--spacing--50)",
						"top": "var(--wp--preset--spacing--50)"
					}
				},
				"typography": {
					"fontSize": "var(--wp--preset--font-size--large)",
					"fontStyle": "italic"
				}
			},
			"core/query-pagination": {
				"elements": {
					"link": {
						":hover": {
							"typography": {
								"textDecoration": "underline solid"
							}
						},
						"typography": {
							"textDecoration": "none"
						}
					}
				},
				"typography": {
					"fontSize": "var(--wp--preset--font-size--small)"
				}
			},
			"core/query-pagination-next": {
				"css": ".wp-block-query-pagination-next{margin:0;}"
			},
			"core/query-pagination-numbers": {
				"css": ".wp-block-query-pagination-numbers{margin:0;}"
			},
			"core/query-pagination-previous": {
				"css": ".wp-block-query-pagination-previous{margin:0;}"
			},
			"core/query-title": {
				"typography": {
					"fontSize": "var(--wp--preset--font-size--large)"
				}
			},
			"core/quote": {
				"border": {
					"color": "var(--wp--preset--color--contrast)",
					"style": "solid",
					"width": "0 0 0 1px"
				},
				"spacing": {
					"padding": {
						"left": "var(--wp--preset--spacing--50)"
					}
				},
				"typography": {
					"fontStyle": "italic"
				},
				"variations": {
					"plain": {
						"border": {
							"width": "0"
						},
						"spacing": {
							"padding": {
								"left": "0"
							}
						},
						"typography": {
							"fontStyle": "normal"
						}
					}
				}
			},
			"core/read-more": {
				"typography": {
					"fontSize": "var(--wp--preset--font-size--small)"
				}
			},
			"core/rss": {
				"elements": {
					"link": {
						":hover": {
							"typography": {
								"textDecoration": "underline"
							}
						},
						"typography": {
							"textDecoration": "none"
						}
					}
				}
			},
			"core/search": {
				"css": ".wp-block-search__button-inside .wp-block-search__inside-wrapper {padding: 2px;} :where(.wp-block-search__button-inside .wp-block-search__inside-wrapper) {background-color: var(--wp--preset--color--contrast); border-color: #949494;} :where(.wp-block-search__button-inside .wp-block-search__inside-wrapper) .wp-block-search__input {padding: 0 0 0 var(--wp--preset--spacing--40);} :where(.wp-block-search__button-inside .wp-block-search__inside-wrapper) .wp-element-button {padding-right: var(--wp--preset--spacing--40);} :where(.wp-block-search__button-inside .wp-block-search__inside-wrapper) .wp-element-button, :where(.wp-block-search__button-inside .wp-block-search__inside-wrapper) .wp-element-button {background-color: var(--wp--preset--color--contrast); color: var(--wp--preset--color--base);} :where(.wp-block-search__button-inside .wp-block-search__inside-wrapper) .wp-element-button:hover, :where(.wp-block-search__button-inside .wp-block-search__inside-wrapper) .wp-element-button:focus {background-color: var(--wp--preset--color--contrast);}",
				"typography": {
					"fontSize": "var(--wp--preset--font-size--small)",
					"lineHeight": "1"
				}
			},
			"core/separator": {
				"border": {
					"color": "currentColor",
					"style": "solid",
					"width": "0 0 1px 0"
				},
				"color": {
					"text": "var(--wp--preset--color--contrast)"
				}
			},
			"core/site-title": {
				"elements": {
					"link": {
						":hover": {
							"typography": {
								"textDecoration": "underline"
							}
						},
						"color": {
							"text": "var(--wp--preset--color--contrast)"
						},
						"typography": {
							"textDecoration": "none"
						}
					}
				},
				"typography": {
					"fontSize": "var(--wp--preset--font-size--medium)",
					"fontStyle": "normal",
					"fontWeight": "600",
					"lineHeight": "calc(1em + 0.5rem)"
				}
			},
			"core/social-links": {
				"spacing": {
					"blockGap": {
						"left": "var(--wp--preset--spacing--40)",
						"top": "var(--wp--preset--spacing--40)"
					}
				}
			},
			"core/table": {
				"css": "& thead{border-bottom-width: 1px;} & tfoot{border-top-width: 1px;} & + .wp-element-caption{text-align:center;}}"
			},
			"core/table-of-contents": {
				"elements": {
					"link": {
						":hover": {
							"typography": {
								"textDecoration": "underline"
							}
						},
						"typography": {
							"textDecoration": "none"
						}
					}
				}
			},
			"core/tag-cloud": {
				"css": ".wp-block-tag-cloud.is-style-outline{font-size:var(--wp--preset--font-size--small);line-height:1} &.wp-block-tag-cloud.is-style-outline a:hover {color: var(--wp--preset--color--base); background-color: var(--wp--preset--color--contrast);} &.wp-block-tag-cloud.is-style-outline a {border-radius:999px;padding: 0.25rem 0.75rem;} "
			},
			"core/term-description": {
				"css": "& p+p {margin-top:calc(1em + 0.5rem);}",
				"typography": {
					"fontSize": "var(--wp--preset--font-size--small)"
				}
			}
		},
		"color": {
			"background": "var(--wp--preset--color--base)",
			"text": "var(--wp--preset--color--contrast)"
		},
		"css": ".no-underline a { text-decoration: none; }",
		"elements": {
			"button": {
				":active": {
					"color": {
						"background": "var(--wp--preset--color--primary)",
						"text": "var(--wp--preset--color--base)"
					}
				},
				":focus": {
					"color": {
						"background": "var(--wp--preset--color--primary)",
						"text": "var(--wp--preset--color--base)"
					}
				},
				":hover": {
					"color": {
						"background": "var(--wp--preset--color--primary)",
						"text": "var(--wp--preset--color--base)"
					}
				},
				"border": {
					"radius": "2px"
				},
				"color": {
					"background": "var(--wp--preset--color--contrast)",
					"text": "var(--wp--preset--color--base)"
				},
				"spacing": {
					"padding": {
						"bottom": "1rem",
						"left": "1.75rem",
						"right": "1.75rem",
						"top": "1.125rem"
					}
				},
				"typography": {
					"fontSize": "var(--wp--preset--font-size--small)",
					"fontWeight": "600",
					"letterSpacing": "0.04em",
					"lineHeight": "1",
					"textTransform": "uppercase"
				}
			},
			"caption": {
				"color": {
					"text": "var(--wp--preset--color--contrast)"
				},
				"spacing": {
					"margin": {
						"bottom": "var(--wp--preset--spacing--50)",
						"top": "var(--wp--preset--spacing--30)"
					},
					"padding": {
						"left": "var(--wp--preset--spacing--50)",
						"right": "var(--wp--preset--spacing--50)"
					}
				},
				"typography": {
					"fontSize": "var(--wp--preset--font-size--small)"
				}
			},
			"h1": {
				"typography": {
					"fontSize": "var(--wp--preset--font-size--xx-large)",
					"lineHeight": "1.157407407"
				}
			},
			"h2": {
				"typography": {
					"fontSize": "var(--wp--preset--font-size--x-large)",
					"lineHeight": "1.215277778"
				}
			},
			"h3": {
				"typography": {
					"fontSize": "var(--wp--preset--font-size--large)",
					"lineHeight": "1.25"
				}
			},
			"h4": {
				"typography": {
					"fontSize": "var(--wp--preset--font-size--medium)",
					"lineHeight": "calc(1em + 0.5rem)"
				}
			},
			"h5": {
				"typography": {
					"fontSize": "var(--wp--preset--font-size--small)",
					"lineHeight": "calc(1em + 0.5rem)",
					"textTransform": "uppercase"
				}
			},
			"h6": {
				"typography": {
					"fontSize": "var(--wp--preset--font-size--small)",
					"lineHeight": "calc(1em + 0.5rem)"
				}
			},
			"heading": {
				"typography": {
					"fontStyle": "normal",
					"fontWeight": "600",
					"lineHeight": "1.2"
				}
			},
			"link": {
				":hover": {
					"color": {
						"text": "var(--wp--preset--color--primary)"
					},
					"typography": {
						"textDecoration": "none"
					}
				},
				"color": {
					"text": "var(--wp--preset--color--contrast)"
				}
			}
		},
		"spacing": {
			"blockGap": "var(--wp--preset--spacing--50)",
			"padding": {
				"bottom": "0px",
				"left": "var(--wp--preset--spacing--50)",
				"right": "var(--wp--preset--spacing--50)",
				"top": "0px"
			}
		},
		"typography": {
			"fontFamily": "var(--wp--preset--font-family--inter)",
			"fontSize": "var(--wp--preset--font-size--medium)",
			"fontWeight": "600",
			"lineHeight": "1.5"
		}
	},
	"templateParts": [
		{
			"area": "uncategorized",
			"name": "comments",
			"title": "Comments"
		},
		{
			"area": "header",
			"name": "header",
			"title": "Header"
		},
		{
			"area": "footer",
			"name": "footer",
			"title": "Footer"
		}
	],
	"version": 2,
	"$schema": "https://schemas.wp.org/trunk/theme.json"
}
